hm	hc	Î±	c	v	r	z	pd	w	obj	status
3.0	0.5	0.1	1.0	0.2	0.5	0.03557073802688449	10.863201150762658	2.598643609377243	22.606688095571954	LOCALLY_SOLVED
3.5	0.5	0.1	1.0	0.2	0.5	0.0356026464834102	10.880166726564866	2.590596363121073	22.455791237948844	LOCALLY_SOLVED
4.0	0.5	0.1	1.0	0.2	0.5	0.03563429217658463	10.897133748468086	2.5825506689734508	22.305394129469516	LOCALLY_SOLVED
3.0	1.0	0.1	1.0	0.2	0.5	0.035602646483410084	10.830166726564865	2.590596363121073	22.45579123794885	LOCALLY_SOLVED
3.5	1.0	0.1	1.0	0.2	0.5	0.035634292176583995	10.847133748468085	2.582550668973452	22.305394129469523	LOCALLY_SOLVED
4.0	1.0	0.1	1.0	0.2	0.5	0.0356656687286584	10.864102226050493	2.5745065390647723	22.155496769105945	LOCALLY_SOLVED
3.0	1.5	0.1	1.0	0.2	0.5	0.03563429217658458	10.797133748468084	2.582550668973451	22.30539412946952	LOCALLY_SOLVED
3.5	1.5	0.1	1.0	0.2	0.5	0.03566566872865915	10.814102226050492	2.5745065390647706	22.15549676910594	LOCALLY_SOLVED
4.0	1.5	0.1	1.0	0.2	0.5	0.03569676963915155	10.831072168962018	2.566463985646262	22.006099155832754	LOCALLY_SOLVED
3.0	0.5	0.15	1.0	0.2	0.5	0.035681254050244623	10.89758701373418	2.570485064523786	22.08073549414702	LOCALLY_SOLVED
3.5	0.5	0.15	1.0	0.2	0.5	0.035727588282352875	10.923043586924797	2.5584230210914143	21.857201288627596	LOCALLY_SOLVED
4.0	0.5	0.15	1.0	0.2	0.5	0.03577327218714733	10.948503501035997	2.546364580750305	21.63479150946893	LOCALLY_SOLVED
3.0	1.0	0.15	1.0	0.2	0.5	0.035727588282353284	10.848043586924796	2.5584230210914134	21.857201288627596	LOCALLY_SOLVED
3.5	1.0	0.15	1.0	0.2	0.5	0.03577327218714733	10.873503501035998	2.546364580750305	21.63479150946893	LOCALLY_SOLVED
4.0	1.0	0.15	1.0	0.2	0.5	0.03581828241871318	10.898966789433512	2.5343097862080937	21.41350615324654	LOCALLY_SOLVED
3.0	1.5	0.15	1.0	0.2	0.5	0.03577327218714748	10.798503501035997	2.5463645807503044	21.634791509468926	LOCALLY_SOLVED
3.5	1.5	0.15	1.0	0.2	0.5	0.03581828241871233	10.823966789433513	2.534309786208097	21.413506153246544	LOCALLY_SOLVED
4.0	1.5	0.15	1.0	0.2	0.5	0.035862594950605134	10.849433485855851	2.5222586808173886	21.193345216555983	LOCALLY_SOLVED
3.0	0.5	0.1	1.5	0.2	0.5	-0.019852211293594733	11.025177534751823	2.783531395768578	20.901156325348207	LOCALLY_SOLVED
3.5	0.5	0.1	1.5	0.2	0.5	-0.02001059876007122	11.042089435733617	2.7755106068967157	20.75537354916449	LOCALLY_SOLVED
4.0	0.5	0.1	1.5	0.2	0.5	-0.020170496865014934	11.059002245480716	2.767491379371092	20.610091325970558	LOCALLY_SOLVED
3.0	1.0	0.1	1.5	0.2	0.5	-0.020010598760071878	10.992089435733618	2.7755106068967175	20.755373549164496	LOCALLY_SOLVED
3.5	1.0	0.1	1.5	0.2	0.5	-0.020170496865015517	11.009002245480717	2.7674913793710942	20.61009132597057	LOCALLY_SOLVED
4.0	1.0	0.1	1.5	0.2	0.5	-0.020331923913064782	11.025915967011727	2.7594737242942546	20.46530966287983	LOCALLY_SOLVED
3.0	1.5	0.1	1.5	0.2	0.5	-0.02017049686501504	10.959002245480715	2.7674913793710934	20.61009132597056	LOCALLY_SOLVED
3.5	1.5	0.1	1.5	0.2	0.5	-0.02033192391306496	10.975915967011726	2.7594737242942546	20.465309662879825	LOCALLY_SOLVED
4.0	1.5	0.1	1.5	0.2	0.5	-0.02049489848127168	10.992830603319838	2.751457652866983	20.32102856711525	LOCALLY_SOLVED
3.0	0.5	0.15	1.5	0.2	0.5	-0.020413216585309747	11.059373170632597	2.7554654899205078	20.39310654362601	LOCALLY_SOLVED
3.5	0.5	0.15	1.5	0.2	0.5	-0.020659439423938063	11.084746157371535	2.743443176389282	20.17724804601129	LOCALLY_SOLVED
4.0	0.5	0.15	1.5	0.2	0.5	-0.02090922972950932	11.11012121563815	2.731424477168754	19.96251585816814	LOCALLY_SOLVED
3.0	1.0	0.15	1.5	0.2	0.5	-0.02065943942393781	11.009746157371534	2.743443176389281	20.177248046011286	LOCALLY_SOLVED
3.5	1.0	0.15	1.5	0.2	0.5	-0.02090922972950946	11.035121215638153	2.731424477168755	19.962515858168132	LOCALLY_SOLVED
4.0	1.0	0.15	1.5	0.2	0.5	-0.021162653304810604	11.060498355224139	2.7194094311625814	19.748910005723648	LOCALLY_SOLVED
3.0	1.5	0.15	1.5	0.2	0.5	-0.02090922972950934	10.960121215638152	2.731424477168754	19.962515858168135	LOCALLY_SOLVED
3.5	1.5	0.15	1.5	0.2	0.5	-0.02116265330481086	10.98549835522414	2.719409431162582	19.74891000572364	LOCALLY_SOLVED
4.0	1.5	0.15	1.5	0.2	0.5	-0.021419777446064006	11.010877585761458	2.707398077794368	19.53643051490641	LOCALLY_SOLVED
3.0	0.5	0.1	2.0	0.2	0.5	-0.07319706670562333	11.185222326013443	2.966837314343766	19.271107535108182	LOCALLY_SOLVED
3.5	0.5	0.1	2.0	0.2	0.5	-0.07353252422223598	11.20207120560238	2.95883622238633	19.130513069234375	LOCALLY_SOLVED
4.0	0.5	0.1	2.0	0.2	0.5	-0.07387062245581742	11.21892038802015	2.950836661722992	18.99042038194914	LOCALLY_SOLVED
3.0	1.0	0.1	2.0	0.2	0.5	-0.07353252422223644	11.15207120560238	2.958836222386331	19.130513069234375	LOCALLY_SOLVED
3.5	1.0	0.1	2.0	0.2	0.5	-0.07387062245581807	11.16892038802015	2.9508366617229935	18.99042038194915	LOCALLY_SOLVED
4.0	1.0	0.1	2.0	0.2	0.5	-0.07421139032611444	11.185769869021241	2.9428386421684	18.850829492051886	LOCALLY_SOLVED
3.0	1.5	0.1	2.0	0.2	0.5	-0.0738706224558178	11.11892038802015	2.950836661722993	18.990420381949143	LOCALLY_SOLVED
3.5	1.5	0.1	2.0	0.2	0.5	-0.07421139032611412	11.13576986902124	2.942838642168398	18.85082949205188	LOCALLY_SOLVED
4.0	1.5	0.1	2.0	0.2	0.5	-0.07455485715795954	11.152619644227624	2.934842173611323	18.711740418598023	LOCALLY_SOLVED
3.0	0.5	0.15	2.0	0.2	0.5	-0.07438278452302947	11.21919472012766	2.9388402133942146	18.781222227068447	LOCALLY_SOLVED
3.5	0.5	0.15	2.0	0.2	0.5	-0.07490105268821258	11.244469709125584	2.926847266015214	18.573153180903304	LOCALLY_SOLVED
4.0	0.5	0.15	2.0	0.2	0.5	-0.07542552837563622	11.269745339427669	2.9148578534030887	18.366213309315242	LOCALLY_SOLVED
3.0	1.0	0.15	2.0	0.2	0.5	-0.07490105268821202	11.169469709125583	2.926847266015212	18.5731531809033	LOCALLY_SOLVED
3.5	1.0	0.15	2.0	0.2	0.5	-0.07542552837563617	11.19474533942767	2.9148578534030887	18.366213309315242	LOCALLY_SOLVED
4.0	1.0	0.15	2.0	0.2	0.5	-0.07595631516796993	11.220021594727095	2.9028720097583105	18.160402679528218	LOCALLY_SOLVED
3.0	1.5	0.15	2.0	0.2	0.5	-0.07542552837563662	11.11974533942767	2.91485785340309	18.366213309315246	LOCALLY_SOLVED
3.5	1.5	0.15	2.0	0.2	0.5	-0.07595631516796969	11.145021594727094	2.9028720097583096	18.16040267952822	LOCALLY_SOLVED
4.0	1.5	0.15	2.0	0.2	0.5	-0.07649351886253015	11.170298457970203	2.8908897696687537	17.95572136016316	LOCALLY_SOLVED
3.0	0.5	0.1	1.0	0.3	0.5	0.047062720934187674	10.864505519887441	2.595357490269387	22.653678594314513	LOCALLY_SOLVED
3.5	0.5	0.1	1.0	0.3	0.5	0.047134421152344154	10.881483643819445	2.5873071461845845	22.502767982292973	LOCALLY_SOLVED
4.0	0.5	0.1	1.0	0.3	0.5	0.047206116394473085	10.898463332998103	2.579258371463957	22.35235701234684	LOCALLY_SOLVED
3.0	1.0	0.1	1.0	0.3	0.5	0.047134421152343925	10.831483643819444	2.5873071461845845	22.502767982292976	LOCALLY_SOLVED
3.5	1.0	0.1	1.0	0.3	0.5	0.04720611639447259	10.848463332998103	2.579258371463958	22.352357012346857	LOCALLY_SOLVED
4.0	1.0	0.1	1.0	0.3	0.5	0.047277802669538856	10.865444598385853	2.5712111786538094	22.2024456823016	LOCALLY_SOLVED
3.0	1.5	0.1	1.0	0.3	0.5	0.0472061163944728	10.798463332998104	2.579258371463957	22.352357012346836	LOCALLY_SOLVED
3.5	1.5	0.1	1.0	0.3	0.5	0.047277802669539196	10.815444598385854	2.571211178653808	22.202445682301583	LOCALLY_SOLVED
4.0	1.5	0.1	1.0	0.3	0.5	0.04734947589218502	10.832427451036256	2.5631655804285254	22.053033989969876	LOCALLY_SOLVED
3.0	0.5	0.15	1.0	0.3	0.5	0.04731364117149094	10.898935825608797	2.567188179420863	22.127677381558748	LOCALLY_SOLVED
3.5	0.5	0.15	1.0	0.3	0.5	0.04742113188064206	10.924411902094736	2.5551215895921437	21.9041219331516	LOCALLY_SOLVED
4.0	0.5	0.15	1.0	0.3	0.5	0.04752857415856761	10.949891600306312	2.543058645523897	21.681690659667723	LOCALLY_SOLVED
3.0	1.0	0.15	1.0	0.3	0.5	0.047421131880642196	10.849411902094737	2.5551215895921437	21.9041219331516	LOCALLY_SOLVED
3.5	1.0	0.15	1.0	0.3	0.5	0.04752857415856754	10.874891600306313	2.543058645523897	21.681690659667716	LOCALLY_SOLVED
4.0	1.0	0.15	1.0	0.3	0.5	0.047635953131934514	10.900374958566507	2.5309993914346154	21.460383553584904	LOCALLY_SOLVED
3.0	1.5	0.15	1.0	0.3	0.5	0.04752857415856764	10.799891600306312	2.5430586455238964	21.681690659667723	LOCALLY_SOLVED
3.5	1.5	0.15	1.0	0.3	0.5	0.047635953131934076	10.82537495856651	2.5309993914346167	21.4603835535849	LOCALLY_SOLVED
4.0	1.5	0.15	1.0	0.3	0.5	0.04774325340036307	10.85086201567658	2.5189438722275215	21.24020060731666	LOCALLY_SOLVED
3.0	0.5	0.1	1.5	0.3	0.5	-0.009183153567630584	11.02679176626781	2.7806356490687874	20.943048722618975	LOCALLY_SOLVED
3.5	0.5	0.1	1.5	0.3	0.5	-0.009307148075996753	11.043717255419493	2.772613280243931	20.797237605669856	LOCALLY_SOLVED
4.0	0.5	0.1	1.5	0.3	0.5	-0.00943244599227219	11.060643775669185	2.7645924971320897	20.651926855069252	LOCALLY_SOLVED
3.0	1.0	0.1	1.5	0.3	0.5	-0.009307148075997508	10.993717255419496	2.7726132802439336	20.79723760566986	LOCALLY_SOLVED
3.5	1.0	0.1	1.5	0.3	0.5	-0.009432445992272193	11.010643775669184	2.7645924971320897	20.651926855069267	LOCALLY_SOLVED
4.0	1.0	0.1	1.5	0.3	0.5	-0.009559063841949822	11.027571331400427	2.7565733112723945	20.507116476161563	LOCALLY_SOLVED
3.0	1.5	0.1	1.5	0.3	0.5	-0.009432445992272049	10.960643775669183	2.764592497132088	20.65192685506926	LOCALLY_SOLVED
3.5	1.5	0.1	1.5	0.3	0.5	-0.009559063841949494	10.977571331400428	2.7565733112723927	20.507116476161556	LOCALLY_SOLVED
4.0	1.5	0.1	1.5	0.3	0.5	-0.009687018403383279	10.994499926989818	2.7485557343090488	20.362806474378967	LOCALLY_SOLVED
3.0	0.5	0.15	1.5	0.3	0.5	-0.00962287297504866	11.06103549893962	2.752564320946783	20.434898927786634	LOCALLY_SOLVED
3.5	0.5	0.15	1.5	0.3	0.5	-0.009816326712361038	11.086429566805982	2.740539777992408	20.21899685524323	LOCALLY_SOLVED
4.0	0.5	0.15	1.5	0.3	0.5	-0.010012865364454879	11.111825993989429	2.7285189081981214	20.00422065630604	LOCALLY_SOLVED
3.0	1.0	0.15	1.5	0.3	0.5	-0.00981632671236071	11.011429566805981	2.7405397779924057	20.21899685524322	LOCALLY_SOLVED
3.5	1.0	0.15	1.5	0.3	0.5	-0.010012865364454754	11.036825993989433	2.728518908198122	20.004220656306043	LOCALLY_SOLVED
4.0	1.0	0.15	1.5	0.3	0.5	-0.01021254844273524	11.06222479516019	2.716501752041682	19.790570350312585	LOCALLY_SOLVED
3.0	1.5	0.15	1.5	0.3	0.5	-0.01001286536445451	10.96182599398943	2.728518908198121	20.004220656306046	LOCALLY_SOLVED
3.5	1.5	0.15	1.5	0.3	0.5	-0.010212548442735506	10.98722479516019	2.7165017520416828	19.790570350312596	LOCALLY_SOLVED
4.0	1.5	0.15	1.5	0.3	0.5	-0.01041543684695152	11.01262598492912	2.7044883505579973	19.578045957084377	LOCALLY_SOLVED
3.0	0.5	0.1	2.0	0.3	0.5	-0.06329135984318696	11.187082358662416	2.9642882994784943	19.308381193704346	LOCALLY_SOLVED
3.5	0.5	0.1	2.0	0.3	0.5	-0.06359726316747022	11.203945364086831	2.956286851215441	19.167746590016357	LOCALLY_SOLVED
4.0	0.5	0.1	2.0	0.3	0.5	-0.06390564391008421	11.220808792574868	2.9482869632298105	19.02761352238901	LOCALLY_SOLVED
3.0	1.0	0.1	2.0	0.3	0.5	-0.06359726316747087	11.15394536408683	2.9562868512154425	19.167746590016364	LOCALLY_SOLVED
3.5	1.0	0.1	2.0	0.3	0.5	-0.06390564391008483	11.170808792574867	2.948286963229812	19.02761352238902	LOCALLY_SOLVED
4.0	1.0	0.1	2.0	0.3	0.5	-0.06421652972619009	11.187672641155762	2.9402886457687725	18.887982007492518	LOCALLY_SOLVED
3.0	1.5	0.1	2.0	0.3	0.5	-0.06390564391008434	11.120808792574868	2.948286963229811	19.02761352238901	LOCALLY_SOLVED
3.5	1.5	0.1	2.0	0.3	0.5	-0.06421652972618984	11.137672641155762	2.9402886457687725	18.88798200749251	LOCALLY_SOLVED
4.0	1.5	0.1	2.0	0.3	0.5	-0.06452994866384872	11.15453690674262	2.932291909159759	18.748852062228774	LOCALLY_SOLVED
3.0	0.5	0.15	2.0	0.3	0.5	-0.06437292078628891	11.221104722020991	2.9362900792091464	18.81835433759103	LOCALLY_SOLVED
3.5	0.5	0.15	2.0	0.3	0.5	-0.06484592917082393	11.24640158612949	2.9242967638110886	18.610223703735368	LOCALLY_SOLVED
4.0	0.5	0.15	2.0	0.3	0.5	-0.06532476610568985	11.271699373770547	2.9123070523701595	18.40322167926875	LOCALLY_SOLVED
3.0	1.0	0.15	2.0	0.3	0.5	-0.06484592917082342	11.17140158612949	2.9242967638110873	18.610223703735365	LOCALLY_SOLVED
3.5	1.0	0.15	2.0	0.3	0.5	-0.06532476610568956	11.196699373770546	2.9123070523701577	18.40322167926875	LOCALLY_SOLVED
4.0	1.0	0.15	2.0	0.3	0.5	-0.06580953072750653	11.22199807318053	2.9003209806366916	18.197348323871847	LOCALLY_SOLVED
3.0	1.5	0.15	2.0	0.3	0.5	-0.06532476610569005	11.121699373770548	2.91230705237016	18.403221679268754	LOCALLY_SOLVED
3.5	1.5	0.15	2.0	0.3	0.5	-0.06580953072750571	11.146998073180526	2.900320980636688	18.19734832387185	LOCALLY_SOLVED
4.0	1.5	0.15	2.0	0.3	0.5	-0.06630032432268472	11.172297671937692	2.8883385847815797	17.99260369849109	LOCALLY_SOLVED
3.0	0.5	0.1	1.0	0.4	0.5	0.058809299427436276	10.865763976672337	2.591980629764892	22.70172971734911	LOCALLY_SOLVED
3.5	0.5	0.1	1.0	0.4	0.5	0.05892248771644318	10.882754607009963	2.583926874536172	22.550808466346812	LOCALLY_SOLVED
4.0	0.5	0.1	1.0	0.4	0.5	0.05903594494169878	10.899746923098794	2.5758747049554107	22.40038676759058	LOCALLY_SOLVED
3.0	1.0	0.1	1.0	0.4	0.5	0.0589224877164422	10.832754607009962	2.5839268745361736	22.55080846634681	LOCALLY_SOLVED
3.5	1.0	0.1	1.0	0.4	0.5	0.059035944941698656	10.849746923098792	2.5758747049554107	22.40038676759059	LOCALLY_SOLVED
4.0	1.0	0.1	1.0	0.4	0.5	0.059149669695479426	10.866740937317534	2.567824133991311	22.250464617894288	LOCALLY_SOLVED
3.0	1.5	0.1	1.0	0.4	0.5	0.05903594494169911	10.799746923098795	2.5758747049554094	22.40038676759058	LOCALLY_SOLVED
3.5	1.5	0.1	1.0	0.4	0.5	0.05914966969547931	10.816740937317535	2.5678241339913104	22.250464617894284	LOCALLY_SOLVED
4.0	1.5	0.1	1.0	0.4	0.5	0.05926366050704816	10.833736662156012	2.5597751747482183	22.101042014044793	LOCALLY_SOLVED
3.0	0.5	0.15	1.0	0.4	0.5	0.05920663193846672	10.900238585124324	2.5637994520802727	22.17569087294057	LOCALLY_SOLVED
3.5	0.5	0.15	1.0	0.4	0.5	0.05937791584103254	10.925734110216245	2.5517278404678194	21.952118952801804	LOCALLY_SOLVED
4.0	0.5	0.15	1.0	0.4	0.5	0.0595497912993442	10.951233541193329	2.5396599151610584	21.7296709961688	LOCALLY_SOLVED
3.0	1.0	0.15	1.0	0.4	0.5	0.05937791584103234	10.850734110216246	2.5517278404678208	21.952118952801808	LOCALLY_SOLVED
3.5	1.0	0.15	1.0	0.4	0.5	0.05954979129934368	10.87623354119333	2.5396599151610593	21.729670996168792	LOCALLY_SOLVED
4.0	1.0	0.15	1.0	0.4	0.5	0.05972225261903995	10.901736921453283	2.5275957219157434	21.508346991896126	LOCALLY_SOLVED
3.0	1.5	0.15	1.0	0.4	0.5	0.05954979129934395	10.801233541193328	2.539659915161059	21.7296709961688	LOCALLY_SOLVED
3.5	1.5	0.15	1.0	0.4	0.5	0.05972225261904004	10.826736921453284	2.527595721915744	21.508346991896133	LOCALLY_SOLVED
4.0	1.5	0.15	1.0	0.4	0.5	0.05989529374808611	10.852244294981123	2.5155353072138307	21.288146928696765	LOCALLY_SOLVED
3.0	0.5	0.1	1.5	0.4	0.5	0.0017165479370093294	11.028376434839707	2.7776618203944565	20.985869319738555	LOCALLY_SOLVED
3.5	0.5	0.1	1.5	0.4	0.5	0.001628413636654538	11.045315593548585	2.7696376403105973	20.840032195031867	LOCALLY_SOLVED
4.0	0.5	0.1	1.5	0.4	0.5	0.0015391964976690384	11.062255908290782	2.76161506998464	20.69469526053764	LOCALLY_SOLVED
3.0	1.0	0.1	1.5	0.4	0.5	0.0016284136366541576	10.995315593548588	2.769637640310598	20.84003219503187	LOCALLY_SOLVED
3.5	1.0	0.1	1.5	0.4	0.5	0.0015391964976685683	11.012255908290783	2.7616150699846407	20.694695260537628	LOCALLY_SOLVED
4.0	1.0	0.1	1.5	0.4	0.5	0.0014488819295659077	11.029197384862895	2.753594121404501	20.549858519890655	LOCALLY_SOLVED
3.0	1.5	0.1	1.5	0.4	0.5	0.0015391964976685583	10.962255908290782	2.7616150699846407	20.694695260537625	LOCALLY_SOLVED
3.5	1.5	0.1	1.5	0.4	0.5	0.0014488819295659214	10.979197384862896	2.7535941214045017	20.549858519890655	LOCALLY_SOLVED
4.0	1.5	0.1	1.5	0.4	0.5	0.0013574551107654565	10.996140029073915	2.7455748066703425	20.405521976792162	LOCALLY_SOLVED
3.0	0.5	0.15	1.5	0.4	0.5	0.0014033084869947584	11.062668560650014	2.7495842590459976	20.477627723413896	LOCALLY_SOLVED
3.5	0.5	0.15	1.5	0.4	0.5	0.0012649009843218567	11.088083846744542	2.7375571379957635	20.26168563501114	LOCALLY_SOLVED
4.0	0.5	0.15	1.5	0.4	0.5	0.0011239225646795642	11.1135017862469	2.725533748345353	20.046869008224924	LOCALLY_SOLVED
3.0	1.0	0.15	1.5	0.4	0.5	0.0012649009843220948	11.013083846744541	2.7375571379957617	20.261685635011137	LOCALLY_SOLVED
3.5	1.0	0.15	1.5	0.4	0.5	0.0011239225646797405	11.0385017862469	2.7255337483453523	20.046869008224913	LOCALLY_SOLVED
4.0	1.0	0.15	1.5	0.4	0.5	0.0009803205667334944	11.063922398881527	2.713514132192973	19.833177856307785	LOCALLY_SOLVED
3.0	1.5	0.15	1.5	0.4	0.5	0.0011239225646795467	10.963501786246901	2.725533748345353	20.046869008224917	LOCALLY_SOLVED
3.5	1.5	0.15	1.5	0.4	0.5	0.0009803205667335633	10.988922398881526	2.713514132192973	19.833177856307785	LOCALLY_SOLVED
4.0	1.5	0.15	1.5	0.4	0.5	0.0008340410579861751	11.01434570441885	2.701498332233125	19.620612192880156	LOCALLY_SOLVED
3.0	0.5	0.1	2.0	0.4	0.5	-0.05317626760428657	11.18892613358569	2.9616720191367096	19.346466342886387	LOCALLY_SOLVED
3.5	0.5	0.1	2.0	0.4	0.5	-0.05345134475408964	11.205803435887482	2.9536700475050255	19.205793289428925	LOCALLY_SOLVED
4.0	0.5	0.1	2.0	0.4	0.5	-0.05372872496339822	11.222681284875131	2.945669665252837	19.06562153483603	LOCALLY_SOLVED
3.0	1.0	0.1	2.0	0.4	0.5	-0.05345134475408995	11.155803435887485	2.9536700475050264	19.20579328942893	LOCALLY_SOLVED
3.5	1.0	0.1	2.0	0.4	0.5	-0.05372872496339867	11.172681284875132	2.945669665252837	19.065621534836033	LOCALLY_SOLVED
4.0	1.0	0.1	2.0	0.4	0.5	-0.05400843449882223	11.189559678909252	2.937670883074807	18.92595109365439	LOCALLY_SOLVED
3.0	1.5	0.1	2.0	0.4	0.5	-0.053728724963398866	11.122681284875135	2.9456696652528382	19.065621534836026	LOCALLY_SOLVED
3.5	1.5	0.1	2.0	0.4	0.5	-0.05400843449882223	11.139559678909253	2.9376708830748073	18.925951093654394	LOCALLY_SOLVED
4.0	1.5	0.1	2.0	0.4	0.5	-0.05429050000598542	11.156438616251735	2.9296737117523355	18.786781980637674	LOCALLY_SOLVED
3.0	0.5	0.15	2.0	0.4	0.5	-0.05414917107559819	11.222999079779509	2.9336720953793782	18.856303870195138	LOCALLY_SOLVED
3.5	0.5	0.15	2.0	0.4	0.5	-0.05457494851616339	11.24831809506305	2.921678162154274	18.648114210750098	LOCALLY_SOLVED
4.0	0.5	0.15	2.0	0.4	0.5	-0.05500614951043299	11.273638324253096	2.909687902483269	18.441052607548116	LOCALLY_SOLVED
3.0	1.0	0.15	2.0	0.4	0.5	-0.05457494851616381	11.173318095063054	2.921678162154276	18.6481142107501	LOCALLY_SOLVED
3.5	1.0	0.15	2.0	0.4	0.5	-0.05500614951043234	11.198638324253094	2.9096879024832667	18.44105260754811	LOCALLY_SOLVED
4.0	1.0	0.15	2.0	0.4	0.5	-0.055442868305555885	11.223959760335344	2.897701353722229	18.23511911273962	LOCALLY_SOLVED
3.0	1.5	0.15	2.0	0.4	0.5	-0.055006149510432256	11.123638324253093	2.909687902483266	18.44105260754811	LOCALLY_SOLVED
3.5	1.5	0.15	2.0	0.4	0.5	-0.05544286830555492	11.14895976033534	2.897701353722226	18.23511911273962	LOCALLY_SOLVED
4.0	1.5	0.15	2.0	0.4	0.5	-0.05588520122437368	11.174282395731735	2.8857185536827017	18.030313779607305	LOCALLY_SOLVED
3.0	0.5	0.1	1.0	0.2	1.0	-0.29470925373521795	11.898567787764204	7.578915597073244	16.68511727576667	LOCALLY_SOLVED
3.5	0.5	0.1	1.0	0.2	1.0	-0.2946119665471202	11.911272209381263	7.554219478732112	16.573161314424155	LOCALLY_SOLVED
4.0	0.5	0.1	1.0	0.2	1.0	-0.29451424260488923	11.923977827642293	7.529525290412462	16.461580077192274	LOCALLY_SOLVED
3.0	1.0	0.1	1.0	0.2	1.0	-0.29461196654712013	11.861272209381262	7.5542194787321115	16.573161314424166	LOCALLY_SOLVED
3.5	1.0	0.1	1.0	0.2	1.0	-0.2945142426048898	11.873977827642292	7.529525290412463	16.46158007719227	LOCALLY_SOLVED
4.0	1.0	0.1	1.0	0.2	1.0	-0.29441607962770705	11.886684652703638	7.504833050073425	16.350373561670185	LOCALLY_SOLVED
3.0	1.5	0.1	1.0	0.2	1.0	-0.2945142426048897	11.823977827642292	7.5295252904124625	16.46158007719227	LOCALLY_SOLVED
3.5	1.5	0.1	1.0	0.2	1.0	-0.29441607962770716	11.836684652703637	7.504833050073426	16.35037356167019	LOCALLY_SOLVED
4.0	1.5	0.1	1.0	0.2	1.0	-0.29431747533114755	11.849392694831733	7.480142775891631	16.2395417654301	LOCALLY_SOLVED
3.0	0.5	0.15	1.0	0.2	1.0	-0.2943668327872571	11.918038520988352	7.492487666068249	16.294910823792694	LOCALLY_SOLVED
3.5	0.5	0.15	1.0	0.2	1.0	-0.2942184274275447	11.937101964404508	7.455454486264444	16.129084686017023	LOCALLY_SOLVED
4.0	0.5	0.15	1.0	0.2	1.0	-0.2940690187977062	11.956168193202386	7.418425813659796	15.964101655509428	LOCALLY_SOLVED
3.0	1.0	0.15	1.0	0.2	1.0	-0.2942184274275447	11.862101964404507	7.455454486264444	16.12908468601702	LOCALLY_SOLVED
3.5	1.0	0.15	1.0	0.2	1.0	-0.29406901879770614	11.881168193202386	7.418425813659796	15.964101655509422	LOCALLY_SOLVED
4.0	1.0	0.15	1.0	0.2	1.0	-0.2939185991571909	11.900237243272578	7.381401712063866	15.799961723772315	LOCALLY_SOLVED
3.0	1.5	0.15	1.0	0.2	1.0	-0.2940690187977061	11.806168193202385	7.418425813659794	15.964101655509419	LOCALLY_SOLVED
3.5	1.5	0.15	1.0	0.2	1.0	-0.293918599157191	11.82523724327258	7.381401712063868	15.79996172377232	LOCALLY_SOLVED
4.0	1.5	0.15	1.0	0.2	1.0	-0.2937671607560768	11.844309151095802	7.344382246462786	15.636664882163409	LOCALLY_SOLVED
3.0	0.5	0.1	1.5	0.2	1.0	-0.3289140315841814	12.016535450732741	7.852242777857697	15.443348394501738	LOCALLY_SOLVED
3.5	0.5	0.1	1.5	0.2	1.0	-0.32894222074501106	12.029195264788779	7.827593623777006	15.33518017649195	LOCALLY_SOLVED
4.0	0.5	0.1	1.5	0.2	1.0	-0.3289708628102767	12.041855854727169	7.802946523703792	15.227386986080068	LOCALLY_SOLVED
3.0	1.0	0.1	1.5	0.2	1.0	-0.3289422207450117	11.97919526478878	7.8275936237770125	15.335180176491964	LOCALLY_SOLVED
3.5	1.0	0.1	1.5	0.2	1.0	-0.32897086281027704	11.991855854727168	7.802946523703792	15.227386986080084	LOCALLY_SOLVED
4.0	1.0	0.1	1.5	0.2	1.0	-0.3289999647253993	12.004517225449936	7.778301495166586	15.119968824333425	LOCALLY_SOLVED
3.0	1.5	0.1	1.5	0.2	1.0	-0.32897086281027677	11.94185585472717	7.802946523703791	15.227386986080077	LOCALLY_SOLVED
3.5	1.5	0.1	1.5	0.2	1.0	-0.328999964725399	11.954517225449935	7.778301495166582	15.119968824333416	LOCALLY_SOLVED
4.0	1.5	0.1	1.5	0.2	1.0	-0.3290295335574272	11.96717938188762	7.753658555886854	15.012925692343295	LOCALLY_SOLVED
3.0	0.5	0.15	1.5	0.2	1.0	-0.3290146903302913	12.035848205145147	7.765979763254339	15.066400379549629	LOCALLY_SOLVED
3.5	0.5	0.15	1.5	0.2	1.0	-0.32905957649750023	12.054842328999165	7.72901772378154	14.906257591225625	LOCALLY_SOLVED
4.0	0.5	0.15	1.5	0.2	1.0	-0.3291055459030069	12.073838243097198	7.692060466256949	14.746958624937964	LOCALLY_SOLVED
3.0	1.0	0.15	1.5	0.2	1.0	-0.3290595764974999	11.979842328999162	7.729017723781538	14.906257591225629	LOCALLY_SOLVED
3.5	1.0	0.15	1.5	0.2	1.0	-0.32910554590300695	11.998838243097198	7.692060466256948	14.74695862493796	LOCALLY_SOLVED
4.0	1.0	0.15	1.5	0.2	1.0	-0.3291526237919503	12.01783596438968	7.655108052668124	14.58850348464672	LOCALLY_SOLVED
3.0	1.5	0.15	1.5	0.2	1.0	-0.3291055459030067	11.923838243097196	7.692060466256948	14.74695862493796	LOCALLY_SOLVED
3.5	1.5	0.15	1.5	0.2	1.0	-0.3291526237919505	11.942835964389683	7.655108052668126	14.588503484646726	LOCALLY_SOLVED
4.0	1.5	0.15	1.5	0.2	1.0	-0.32920083608362455	11.96183550996832	7.618160546038891	14.430892174446713	LOCALLY_SOLVED
3.0	0.5	0.1	2.0	0.2	1.0	-0.3622295723257942	12.133666765796503	8.123862451475889	14.25372078096524	LOCALLY_SOLVED
3.5	0.5	0.1	2.0	0.2	1.0	-0.36237711311354176	12.146277587718076	8.09925159140931	14.14938743854951	LOCALLY_SOLVED
4.0	0.5	0.1	2.0	0.2	1.0	-0.3625259367151169	12.15888873026966	8.074642847298238	14.045429725280197	LOCALLY_SOLVED
3.0	1.0	0.1	2.0	0.2	1.0	-0.3623771131135419	12.096277587718074	8.09925159140931	14.149387438549521	LOCALLY_SOLVED
3.5	1.0	0.1	2.0	0.2	1.0	-0.3625259367151174	12.108888730269662	8.074642847298243	14.045429725280215	LOCALLY_SOLVED
4.0	1.0	0.1	2.0	0.2	1.0	-0.36267605856658297	12.121500192726705	8.050036235699476	13.941847648483456	LOCALLY_SOLVED
3.0	1.5	0.1	2.0	0.2	1.0	-0.3625259367151167	12.05888873026966	8.074642847298238	14.045429725280215	LOCALLY_SOLVED
3.5	1.5	0.1	2.0	0.2	1.0	-0.36267605856658247	12.071500192726704	8.050036235699471	13.94184764848345	LOCALLY_SOLVED
4.0	1.5	0.1	2.0	0.2	1.0	-0.36282749434021405	12.084111974306206	8.025431773333088	13.83864121559488	LOCALLY_SOLVED
3.0	0.5	0.15	2.0	0.2	1.0	-0.36275161122426386	12.152806043677417	8.0377337348108	13.890197476081585	LOCALLY_SOLVED
3.5	0.5	0.15	2.0	0.2	1.0	-0.3629802599488856	12.171724074164988	8.000829477084281	13.735810434161646	LOCALLY_SOLVED
4.0	0.5	0.15	2.0	0.2	1.0	-0.3632119372162535	12.190642818729467	7.9639301315293	13.58226862527988	LOCALLY_SOLVED
3.0	1.0	0.15	2.0	0.2	1.0	-0.3629802599488855	12.096724074164989	8.00082947708428	13.735810434161637	LOCALLY_SOLVED
3.5	1.0	0.15	2.0	0.2	1.0	-0.3632119372162532	12.115642818729464	7.963930131529297	13.58226862527988	LOCALLY_SOLVED
4.0	1.0	0.15	2.0	0.2	1.0	-0.3634466986176535	12.134562274045015	7.92703575641144	13.429572075781168	LOCALLY_SOLVED
3.0	1.5	0.15	2.0	0.2	1.0	-0.36321193721625356	12.040642818729465	7.9639301315293	13.582268625279886	LOCALLY_SOLVED
3.5	1.5	0.15	2.0	0.2	1.0	-0.3634466986176533	12.059562274045016	7.9270357564114375	13.429572075781167	LOCALLY_SOLVED
4.0	1.5	0.15	2.0	0.2	1.0	-0.3636846010441283	12.07848243644853	7.890146410865761	13.277720812612065	LOCALLY_SOLVED
3.0	0.5	0.1	1.0	0.3	1.0	-0.2875104434079906	11.900294462186773	7.574623566825474	16.71475017035786	LOCALLY_SOLVED
3.5	0.5	0.1	1.0	0.3	1.0	-0.287386032572585	11.91300978913557	7.549920743630713	16.602792115660414	LOCALLY_SOLVED
4.0	0.5	0.1	1.0	0.3	1.0	-0.28726099081337436	11.925726414575307	7.525219853513038	16.491208758358745	LOCALLY_SOLVED
3.0	1.0	0.1	1.0	0.3	1.0	-0.28738603257258516	11.863009789135567	7.5499207436307145	16.602792115660435	LOCALLY_SOLVED
3.5	1.0	0.1	1.0	0.3	1.0	-0.2872609908133747	11.875726414575304	7.525219853513041	16.491208758358752	LOCALLY_SOLVED
4.0	1.0	0.1	1.0	0.3	1.0	-0.28713531384632135	11.888444349913053	7.500520914888719	16.38000009567247	LOCALLY_SOLVED
3.0	1.5	0.1	1.0	0.3	1.0	-0.2872609908133746	11.825726414575305	7.525219853513039	16.49120875835875	LOCALLY_SOLVED
3.5	1.5	0.1	1.0	0.3	1.0	-0.2871353138463209	11.838444349913052	7.500520914888716	16.380000095672457	LOCALLY_SOLVED
4.0	1.5	0.1	1.0	0.3	1.0	-0.287008997357127	11.851163606684919	7.475823946402421	16.269166124787912	LOCALLY_SOLVED
3.0	0.5	0.15	1.0	0.3	1.0	-0.2870722358128199	11.919803812393633	7.488172183204016	16.324536273932136	LOCALLY_SOLVED
3.5	0.5	0.15	1.0	0.3	1.0	-0.286882037001166	11.93888419655778	7.451128966930671	16.15870684285771	LOCALLY_SOLVED
4.0	0.5	0.15	1.0	0.3	1.0	-0.28669037963835997	11.957967606779333	7.414090268997794	15.993720455438861	LOCALLY_SOLVED
3.0	1.0	0.15	1.0	0.3	1.0	-0.28688203700116577	11.863884196557779	7.45112896693067	16.158706842857715	LOCALLY_SOLVED
3.5	1.0	0.15	1.0	0.3	1.0	-0.2866903796383598	11.882967606779333	7.414090268997792	15.99372045543885	LOCALLY_SOLVED
4.0	1.0	0.15	1.0	0.3	1.0	-0.28649724883022576	11.902054083449999	7.377056154919886	15.829577101803155	LOCALLY_SOLVED
3.0	1.5	0.15	1.0	0.3	1.0	-0.28669037963836047	11.807967606779336	7.414090268997796	15.993720455438856	LOCALLY_SOLVED
3.5	1.5	0.15	1.0	0.3	1.0	-0.28649724883022576	11.827054083449998	7.377056154919886	15.829577101803165	LOCALLY_SOLVED
4.0	1.5	0.15	1.0	0.3	1.0	-0.2863026295281187	11.846143667655515	7.340026691448925	15.666276771898582	LOCALLY_SOLVED
3.0	0.5	0.1	1.5	0.3	1.0	-0.3221531873104408	12.018350113547774	7.848403998226862	15.470024132196512	LOCALLY_SOLVED
3.5	0.5	0.1	1.5	0.3	1.0	-0.32215735187921085	12.03102095062001	7.823750260876783	15.361844337893604	LOCALLY_SOLVED
4.0	0.5	0.1	1.5	0.3	1.0	-0.32216180682902973	12.043692662711504	7.799098593521923	15.25403948563255	LOCALLY_SOLVED
3.0	1.0	0.1	1.5	0.3	1.0	-0.32215735187921163	11.981020950620012	7.823750260876791	15.361844337893608	LOCALLY_SOLVED
3.5	1.0	0.1	1.5	0.3	1.0	-0.32216180682903073	11.993692662711506	7.799098593521931	15.254039485632548	LOCALLY_SOLVED
4.0	1.0	0.1	1.5	0.3	1.0	-0.32216655751921636	12.00636525589863	7.7744490142231815	15.146609575570343	LOCALLY_SOLVED
3.0	1.5	0.1	1.5	0.3	1.0	-0.32216180682902973	11.943692662711502	7.799098593521924	15.254039485632559	LOCALLY_SOLVED
3.5	1.5	0.1	1.5	0.3	1.0	-0.32216655751921625	11.956365255898628	7.774449014223182	15.14660957557034	LOCALLY_SOLVED
4.0	1.5	0.1	1.5	0.3	1.0	-0.3221716094107393	11.969038736303451	7.749801541245149	15.039554607875427	LOCALLY_SOLVED
3.0	0.5	0.15	1.5	0.3	1.0	-0.3221690454694702	12.037701884814409	7.762125013294503	15.09303522391599	LOCALLY_SOLVED
3.5	0.5	0.15	1.5	0.3	1.0	-0.3221769680683759	12.056713110093943	7.72515619305892	14.932874582728163	LOCALLY_SOLVED
4.0	0.5	0.15	1.5	0.3	1.0	-0.32218559367567984	12.075726359483642	7.688192195685412	14.773557562708595	LOCALLY_SOLVED
3.0	1.0	0.15	1.5	0.3	1.0	-0.3221769680683758	11.981713110093942	7.72515619305892	14.932874582728163	LOCALLY_SOLVED
3.5	1.0	0.15	1.5	0.3	1.0	-0.3221855936756797	12.00072635948364	7.688192195685409	14.773557562708593	LOCALLY_SOLVED
4.0	1.0	0.15	1.5	0.3	1.0	-0.3221949418894808	12.019741654151169	7.65123308511822	14.615084164560278	LOCALLY_SOLVED
3.0	1.5	0.15	1.5	0.3	1.0	-0.3221855936756799	11.925726359483642	7.688192195685412	14.773557562708595	LOCALLY_SOLVED
3.5	1.5	0.15	1.5	0.3	1.0	-0.3221949418894809	11.944741654151166	7.651233085118222	14.6150841645603	LOCALLY_SOLVED
4.0	1.5	0.15	1.5	0.3	1.0	-0.3222050328737017	11.96375901549954	7.614278926397644	14.457454389052623	LOCALLY_SOLVED
3.0	0.5	0.1	2.0	0.3	1.0	-0.3558848083114331	12.135546466117972	8.120436104489999	14.277675688569815	LOCALLY_SOLVED
3.5	0.5	0.1	2.0	0.3	1.0	-0.35601120242812095	12.148168238708179	8.095822469545753	14.173322786196195	LOCALLY_SOLVED
4.0	0.5	0.1	2.0	0.3	1.0	-0.35613874565709003	12.160790426249928	8.07121097644668	14.069345382532365	LOCALLY_SOLVED
3.0	1.0	0.1	2.0	0.3	1.0	-0.35601120242812095	12.098168238708174	8.095822469545752	14.1733227861962	LOCALLY_SOLVED
3.5	1.0	0.1	2.0	0.3	1.0	-0.35613874565709086	12.110790426249928	8.071210976446686	14.069345382532378	LOCALLY_SOLVED
4.0	1.0	0.1	2.0	0.3	1.0	-0.35626745222260814	12.123413029086889	8.04660164232311	13.965743483633323	LOCALLY_SOLVED
3.0	1.5	0.1	2.0	0.3	1.0	-0.3561387456570905	12.060790426249927	8.071210976446684	14.069345382532374	LOCALLY_SOLVED
3.5	1.5	0.1	2.0	0.3	1.0	-0.35626745222260753	12.073413029086888	8.046601642323107	13.965743483633323	LOCALLY_SOLVED
4.0	1.5	0.1	2.0	0.3	1.0	-0.35639733657111716	12.086036047519183	8.021994484478874	13.862517095647384	LOCALLY_SOLVED
3.0	0.5	0.15	2.0	0.3	1.0	-0.3563322462622927	12.1547244863366	8.034297790277744	13.914083350388253	LOCALLY_SOLVED
3.5	0.5	0.15	2.0	0.3	1.0	-0.3565284133754314	12.173659481801948	7.997389520393422	13.759666224818007	LOCALLY_SOLVED
4.0	0.5	0.15	2.0	0.3	1.0	-0.3567272971020157	12.192595413388911	7.960486226236878	13.60609402713873	LOCALLY_SOLVED
3.0	1.0	0.15	2.0	0.3	1.0	-0.3565284133754317	12.098659481801949	7.997389520393422	13.759666224817991	LOCALLY_SOLVED
3.5	1.0	0.15	2.0	0.3	1.0	-0.3567272971020153	12.117595413388907	7.960486226236872	13.606094027138733	LOCALLY_SOLVED
4.0	1.0	0.15	2.0	0.3	1.0	-0.3569289487375106	12.136532281596855	7.923587968161162	13.45336677916719	LOCALLY_SOLVED
3.0	1.5	0.15	2.0	0.3	1.0	-0.35672729710201556	12.042595413388911	7.960486226236878	13.60609402713873	LOCALLY_SOLVED
3.5	1.5	0.15	2.0	0.3	1.0	-0.35692894873751063	12.061532281596856	7.9235879681611605	13.453366779167187	LOCALLY_SOLVED
4.0	1.5	0.15	2.0	0.3	1.0	-0.35713342080152993	12.080470086669209	7.886694807445282	13.301484503233963	LOCALLY_SOLVED
3.0	0.5	0.1	1.0	0.4	1.0	-0.28016550061331225	11.9020223716075	7.570221288615221	16.74500445292249	LOCALLY_SOLVED
3.5	0.5	0.1	1.0	0.4	1.0	-0.28001291361525377	11.914748760325388	7.545511295243196	16.63304637027525	LOCALLY_SOLVED
4.0	0.5	0.1	1.0	0.4	1.0	-0.27985949060376	11.927476552174344	7.52080323588557	16.5214629714362	LOCALLY_SOLVED
3.0	1.0	0.1	1.0	0.4	1.0	-0.28001291361525393	11.864748760325385	7.545511295243196	16.63304637027526	LOCALLY_SOLVED
3.5	1.0	0.1	1.0	0.4	1.0	-0.27985949060376036	11.877476552174347	7.520803235885574	16.52146297143621	LOCALLY_SOLVED
4.0	1.0	0.1	1.0	0.4	1.0	-0.27970522514562063	11.890205759861985	7.496097129417719	16.410254253365242	LOCALLY_SOLVED
3.0	1.5	0.1	1.0	0.4	1.0	-0.2798594906037608	11.827476552174348	7.520803235885576	16.52146297143621	LOCALLY_SOLVED
3.5	1.5	0.1	1.0	0.4	1.0	-0.2797052251456207	11.840205759861986	7.496097129417721	16.410254253365242	LOCALLY_SOLVED
4.0	1.5	0.1	1.0	0.4	1.0	-0.27955011074834407	11.852936396244859	7.471392994954755	16.29942021298402	LOCALLY_SOLVED
3.0	0.5	0.15	1.0	0.4	1.0	-0.27962777447248555	11.921570898657107	7.483744814481465	16.35479039865732	LOCALLY_SOLVED
3.5	0.5	0.15	1.0	0.4	1.0	-0.2793941408596153	11.940668474330561	7.446690851855248	16.188960847175444	LOCALLY_SOLVED
4.0	0.5	0.15	1.0	0.4	1.0	-0.2791585674981567	11.95976932348354	7.409641413968726	16.023974306370594	LOCALLY_SOLVED
3.0	1.0	0.15	1.0	0.4	1.0	-0.27939414085961534	11.865668474330558	7.446690851855248	16.18896084717545	LOCALLY_SOLVED
3.5	1.0	0.15	1.0	0.4	1.0	-0.27915856749815665	11.88476932348354	7.409641413968726	16.023974306370604	LOCALLY_SOLVED
4.0	1.0	0.15	1.0	0.4	1.0	-0.2789210318127121	11.903873491191439	7.372596568054917	15.85983076542032	LOCALLY_SOLVED
3.0	1.5	0.15	1.0	0.4	1.0	-0.27915856749815693	11.80976932348354	7.4096414139687266	16.023974306370597	LOCALLY_SOLVED
3.5	1.5	0.15	1.0	0.4	1.0	-0.27892103181271255	11.828873491191441	7.37259656805492	15.859830765420323	LOCALLY_SOLVED
4.0	1.5	0.15	1.0	0.4	1.0	-0.2786815109152917	11.847981023333002	7.335556382647926	15.696530213295109	LOCALLY_SOLVED
3.0	0.5	0.1	1.5	0.4	1.0	-0.3152571392751272	12.02017122605024	7.844468011439724	15.497252137122635	LOCALLY_SOLVED
3.5	0.5	0.1	1.5	0.4	1.0	-0.31523633905013015	12.03285327965061	7.819809320783711	15.389062387019589	LOCALLY_SOLVED
4.0	0.5	0.1	1.5	0.4	1.0	-0.31521565723990796	12.045536310533029	7.795152714836473	15.281247502338886	LOCALLY_SOLVED
3.0	1.0	0.1	1.5	0.4	1.0	-0.3152363390501304	11.982853279650607	7.819809320783709	15.389062387019594	LOCALLY_SOLVED
3.5	1.0	0.1	1.5	0.4	1.0	-0.3152156572399087	11.99553631053303	7.7951527148364805	15.281247502338893	LOCALLY_SOLVED
4.0	1.0	0.1	1.5	0.4	1.0	-0.3151950974951079	12.008220326001585	7.770498212201151	15.173807482395524	LOCALLY_SOLVED
3.0	1.5	0.1	1.5	0.4	1.0	-0.31521565723990863	11.945536310533031	7.795152714836477	15.281247502338884	LOCALLY_SOLVED
3.5	1.5	0.1	1.5	0.4	1.0	-0.3151950974951075	11.95822032600158	7.770498212201146	15.17380748239553	LOCALLY_SOLVED
4.0	1.5	0.1	1.5	0.4	1.0	-0.31517466354611323	11.970905333424259	7.745845831695866	15.066742326504167	LOCALLY_SOLVED
3.0	0.5	0.15	1.5	0.4	1.0	-0.3151848645598217	12.039562705255646	7.758171755497639	15.1202280464862	LOCALLY_SOLVED
3.5	0.5	0.15	1.5	0.4	1.0	-0.315154359204858	12.058591340233475	7.7211955923567555	14.960052033979135	LOCALLY_SOLVED
4.0	0.5	0.15	1.5	0.4	1.0	-0.3151241542518213	12.077622240715375	7.684224290220986	14.800719462503324	LOCALLY_SOLVED
3.0	1.0	0.15	1.5	0.4	1.0	-0.31515435920485746	11.983591340233474	7.721195592356753	14.960052033979123	LOCALLY_SOLVED
3.5	1.0	0.15	1.5	0.4	1.0	-0.3151241542518213	12.002622240715374	7.684224290220986	14.800719462503318	LOCALLY_SOLVED
4.0	1.0	0.15	1.5	0.4	1.0	-0.315094263209448	12.021655432281495	7.647257915032322	14.64223032974452	LOCALLY_SOLVED
3.0	1.5	0.15	1.5	0.4	1.0	-0.3151241542518216	11.927622240715376	7.68422429022099	14.800719462503325	LOCALLY_SOLVED
3.5	1.5	0.15	1.5	0.4	1.0	-0.315094263209448	11.946655432281496	7.647257915032322	14.64223032974452	LOCALLY_SOLVED
4.0	1.5	0.15	1.5	0.4	1.0	-0.3150647000333203	11.965690940847104	7.610296533891597	14.484584633389733	LOCALLY_SOLVED
3.0	0.5	0.1	2.0	0.4	1.0	-0.34941494253488364	12.137436931897176	8.116924150101191	14.30212042267987	LOCALLY_SOLVED
3.5	0.5	0.1	2.0	0.4	1.0	-0.34951935111511756	12.150069875445903	8.092307450489375	14.197749198802878	LOCALLY_SOLVED
4.0	0.5	0.1	2.0	0.4	1.0	-0.3496247669662247	12.162703331578543	8.06769291799402	14.093753348715271	LOCALLY_SOLVED
3.0	1.0	0.1	2.0	0.4	1.0	-0.3495193511151181	12.100069875445906	8.092307450489383	14.197749198802873	LOCALLY_SOLVED
3.5	1.0	0.1	2.0	0.4	1.0	-0.3496247669662247	12.112703331578542	8.067692917994018	14.093753348715273	LOCALLY_SOLVED
4.0	1.0	0.1	2.0	0.4	1.0	-0.34973120299831656	12.12533730176132	8.04308057033401	13.990132877229367	LOCALLY_SOLVED
3.0	1.5	0.1	2.0	0.4	1.0	-0.3496247669662248	12.062703331578543	8.067692917994018	14.093753348715268	LOCALLY_SOLVED
3.5	1.5	0.1	2.0	0.4	1.0	-0.34973120299831656	12.075337301761321	8.04308057033401	13.990132877229362	LOCALLY_SOLVED
4.0	1.5	0.1	2.0	0.4	1.0	-0.3498386723280774	12.087971787432872	8.018470425412593	13.886887789234729	LOCALLY_SOLVED
3.0	0.5	0.15	2.0	0.4	1.0	-0.3497848076730187	12.156654480072195	8.030775221404763	13.938463409987	LOCALLY_SOLVED
3.5	0.5	0.15	2.0	0.4	1.0	-0.3499471882827286	12.175606790003032	7.993862501319583	13.78401808969962	LOCALLY_SOLVED
4.0	0.5	0.15	2.0	0.4	1.0	-0.35011195431880116	12.194560266052862	7.956954819270114	13.630417404824462	LOCALLY_SOLVED
3.0	1.0	0.15	2.0	0.4	1.0	-0.349947188282729	12.100606790003036	7.993862501319589	13.784018089699618	LOCALLY_SOLVED
3.5	1.0	0.15	2.0	0.4	1.0	-0.35011195431880177	12.119560266052867	7.956954819270121	13.630417404824456	LOCALLY_SOLVED
4.0	1.0	0.15	2.0	0.4	1.0	-0.3502791524121786	12.138514912744725	7.920052237755678	13.477661372746839	LOCALLY_SOLVED
3.0	1.5	0.15	2.0	0.4	1.0	-0.3501119543188016	12.044560266052867	7.95695481927012	13.630417404824454	LOCALLY_SOLVED
3.5	1.5	0.15	2.0	0.4	1.0	-0.3502791524121793	12.063514912744727	7.920052237755685	13.477661372746848	LOCALLY_SOLVED
4.0	1.5	0.15	2.0	0.4	1.0	-0.35044883033370283	12.082470734432679	7.88315482026105	13.32575001127829	LOCALLY_SOLVED
