hr	hc	Î±	c	v	r	z	pd	w	obj	status
3.0	0.5	0.1	1.0	0.2	0.5	0.06376486717249283	10.886572507951438	2.460850887939049	22.66544500513498	LOCALLY_SOLVED
3.5	0.5	0.1	1.0	0.2	0.5	0.06869287846485116	10.90769939757268	2.4300604297856143	22.524222250125526	LOCALLY_SOLVED
4.0	0.5	0.1	1.0	0.2	0.5	0.07367870208689235	10.928908321963924	2.3993398109154698	22.383459441551466	LOCALLY_SOLVED
3.0	1.0	0.1	1.0	0.2	0.5	0.06387777452723879	10.853619927413575	2.4528542651269243	22.51449490141953	LOCALLY_SOLVED
3.5	1.0	0.1	1.0	0.2	0.5	0.06881995677273499	10.874763439072499	2.4220751625943175	22.373762058039866	LOCALLY_SOLVED
4.0	1.0	0.1	1.0	0.2	0.5	0.0738202190948408	10.895989466865927	2.391366339065412	22.233488841312962	LOCALLY_SOLVED
3.0	1.5	0.1	1.0	0.2	0.5	0.06399084864378933	10.820669308049009	2.4448595437620453	22.364044218622958	LOCALLY_SOLVED
3.5	1.5	0.1	1.0	0.2	0.5	0.06894727282847457	10.841829549443029	2.414091878770847	22.22380122243316	LOCALLY_SOLVED
4.0	1.5	0.1	1.0	0.2	0.5	0.07396204635631617	10.863072792201226	2.3833949362821794	22.084017530202786	LOCALLY_SOLVED
3.0	0.5	0.15	1.0	0.2	0.5	0.07880105611633628	10.933750174063102	2.3647100686906803	22.168351089389798	LOCALLY_SOLVED
3.5	0.5	0.15	1.0	0.2	0.5	0.08648980872410807	10.965864234272534	2.3188852487652243	21.95911213970094	LOCALLY_SOLVED
4.0	0.5	0.15	1.0	0.2	0.5	0.09431406300565479	10.99817810394681	2.273233732377919	21.750887608068126	LOCALLY_SOLVED
3.0	1.0	0.15	1.0	0.2	0.5	0.07903582721013414	10.884400870167333	2.3527706634095256	21.94469069126911	LOCALLY_SOLVED
3.5	1.0	0.15	1.0	0.2	0.5	0.08675856922849887	10.916556164036647	2.3069748954694758	21.736551423768063	LOCALLY_SOLVED
4.0	1.0	0.15	1.0	0.2	0.5	0.09461774536377623	10.948913062072288	2.2613541093660743	21.529425257894612	LOCALLY_SOLVED
3.0	1.5	0.15	1.0	0.2	0.5	0.07927145857030087	10.835056770457262	2.340836155249608	21.722153522298257	LOCALLY_SOLVED
3.5	1.5	0.15	1.0	0.2	0.5	0.0870284476060445	10.867253708861268	2.2950697620863996	21.5151136829645	LOCALLY_SOLVED
4.0	1.5	0.15	1.0	0.2	0.5	0.09492281060924142	10.89965406792042	2.2494800509944746	21.30908561049871	LOCALLY_SOLVED
3.0	0.5	0.1	1.5	0.2	0.5	0.006550198518507899	11.047918447682177	2.645198136862095	20.953187219714092	LOCALLY_SOLVED
3.5	0.5	0.1	1.5	0.2	0.5	0.010971198050176018	11.068873433237178	2.6143271772134895	20.815941458117344	LOCALLY_SOLVED
4.0	0.5	0.1	1.5	0.2	0.5	0.015443419322566057	11.089905878487974	2.5835208077703147	20.679152339068374	LOCALLY_SOLVED
3.0	1.0	0.1	1.5	0.2	0.5	0.0064626200756545005	11.014907055168404	2.637222997940682	20.807337077485442	LOCALLY_SOLVED
3.5	1.0	0.1	1.5	0.2	0.5	0.01089471451314115	11.035877152423016	2.606362416126775	20.67057968737023	LOCALLY_SOLVED
4.0	1.0	0.1	1.5	0.2	0.5	0.015378248471789483	11.056925148296191	2.5755668136258763	20.534278636982375	LOCALLY_SOLVED
3.0	1.5	0.1	1.5	0.2	0.5	0.00637387832999127	10.98189703413836	2.629249715318566	20.66198711297662	LOCALLY_SOLVED
3.5	1.5	0.1	1.5	0.2	0.5	0.010817111907989332	11.002882334261779	2.5983995813647045	20.525718031101196	LOCALLY_SOLVED
4.0	1.5	0.1	1.5	0.2	0.5	0.015312003836162196	11.023945975316062	2.567614819022135	20.389904983671734	LOCALLY_SOLVED
3.0	0.5	0.15	1.5	0.2	0.5	0.01994074858667516	11.094534904001506	2.548809099060016	20.470562192531613	LOCALLY_SOLVED
3.5	0.5	0.15	1.5	0.2	0.5	0.02683401234861201	11.126366916203308	2.5028360911036214	20.267272760503825	LOCALLY_SOLVED
4.0	0.5	0.15	1.5	0.2	0.5	0.03384730507098442	11.158387452652349	2.4570230838853897	20.064992185974745	LOCALLY_SOLVED
3.0	1.0	0.15	1.5	0.2	0.5	0.01985913589164446	11.045089672718555	2.5368971963633618	20.25454574288467	LOCALLY_SOLVED
3.5	1.0	0.15	1.5	0.2	0.5	0.026779051181998775	11.076959170465177	2.4909506319689694	20.052352679813726	LOCALLY_SOLVED
4.0	1.0	0.15	1.5	0.2	0.5	0.03381975305365305	11.109018829819274	2.4451655526503804	19.851167251179756	LOCALLY_SOLVED
3.0	1.5	0.15	1.5	0.2	0.5	0.01977517624126339	10.995648186278038	2.5249899998432124	20.039654255297236	LOCALLY_SOLVED
3.5	1.5	0.15	1.5	0.2	0.5	0.026721904134115532	11.027555518508278	2.4790701543191767	19.83855731709782	LOCALLY_SOLVED
4.0	1.5	0.15	1.5	0.2	0.5	0.03379018122104113	11.059654668872907	2.433313296769754	19.6384667750051	LOCALLY_SOLVED
3.0	0.5	0.1	2.0	0.2	0.5	-0.04848286793995816	11.207270234926353	2.827961135835436	19.3170830945986	LOCALLY_SOLVED
3.5	0.5	0.1	2.0	0.2	0.5	-0.044537060734555864	11.228032945958667	2.797003294135331	19.1840049974718	LOCALLY_SOLVED
4.0	0.5	0.1	2.0	0.2	0.5	-0.040546108063878324	11.248868295196814	2.76610500415658	19.05138199068659	LOCALLY_SOLVED
3.0	1.0	0.1	2.0	0.2	0.5	-0.04875688865050754	11.174190242979858	2.8200008703740016	19.176410417427565	LOCALLY_SOLVED
3.5	1.0	0.1	2.0	0.2	0.5	-0.04480279703931307	11.194966406619333	2.789052424265412	19.04382014500602	LOCALLY_SOLVED
4.0	1.0	0.1	2.0	0.2	0.5	-0.04080338750731469	11.215815602171022	2.7581638712224192	18.911684687668814	LOCALLY_SOLVED
3.0	1.5	0.1	2.0	0.2	0.5	-0.049033277094455555	11.141110959589938	2.812042379684005	19.03623911915047	LOCALLY_SOLVED
3.5	1.5	0.1	2.0	0.2	0.5	-0.045070880876251315	11.161900648887912	2.781103387649467	18.904136616850792	LOCALLY_SOLVED
4.0	1.5	0.1	2.0	0.2	0.5	-0.04106299365978289	11.182763766672235	2.7502246326655406	18.772488652440735	LOCALLY_SOLVED
3.0	0.5	0.15	2.0	0.2	0.5	-0.03663353911920463	11.25325851589121	2.7313020772301266	18.849544424369203	LOCALLY_SOLVED
3.5	0.5	0.15	2.0	0.2	0.5	-0.03048528482114733	11.284776584590126	2.685172401721984	18.652499826046466	LOCALLY_SOLVED
4.0	0.5	0.15	2.0	0.2	0.5	-0.024231265916462425	11.316471304913879	2.6391899895140543	18.45646247171305	LOCALLY_SOLVED
3.0	1.0	0.15	2.0	0.2	0.5	-0.0370091038461313	11.203701906175402	2.71940771481285	18.64129322135645	LOCALLY_SOLVED
3.5	1.0	0.15	2.0	0.2	0.5	-0.03084089942217502	11.23525335370622	2.6733018870232024	18.44534400332146	LOCALLY_SOLVED
4.0	1.0	0.15	2.0	0.2	0.5	-0.02456633152457007	11.266982922402528	2.627344624005385	18.25040093392924	LOCALLY_SOLVED
3.0	1.5	0.15	2.0	0.2	0.5	-0.0373899180729204	11.15414740421237	2.7075177879872347	18.434169772914608	LOCALLY_SOLVED
3.5	1.5	0.15	2.0	0.2	0.5	-0.031201689217009367	11.185732511588865	2.661436037389699	18.239315727216162	LOCALLY_SOLVED
4.0	1.5	0.15	2.0	0.2	0.5	-0.024906495225832534	11.217497225941372	2.6155041684322264	18.045466722927255	LOCALLY_SOLVED
3.0	0.5	0.1	1.0	0.3	0.5	0.0757954270350293	10.88816045633659	2.4577758923135415	22.713767376246487	LOCALLY_SOLVED
3.5	0.5	0.1	1.0	0.3	0.5	0.0808587232366365	10.90935282562558	2.427023802011035	22.572754770337664	LOCALLY_SOLVED
4.0	0.5	0.1	1.0	0.3	0.5	0.08598177824984003	10.930629090470221	2.3963435299892457	22.432202366606575	LOCALLY_SOLVED
3.0	1.0	0.1	1.0	0.3	0.5	0.07595117214967742	10.855222441017007	2.449777906902748	22.562806151474028	LOCALLY_SOLVED
3.5	1.0	0.1	1.0	0.3	0.5	0.08102944446453698	10.876431935129016	2.4190375355334255	22.422283773170097	LOCALLY_SOLVED
4.0	1.0	0.1	1.0	0.3	0.5	0.08616775725169092	10.897725822166098	2.388369440475766	22.282221269432533	LOCALLY_SOLVED
3.0	1.5	0.1	1.0	0.3	0.5	0.07610736602332255	10.822286525018393	2.4417818581676345	22.41234424748474	LOCALLY_SOLVED
3.5	1.5	0.1	1.0	0.3	0.5	0.08120069217874917	10.843513256680938	2.411053291691938	22.272312032001622	LOCALLY_SOLVED
4.0	1.5	0.1	1.0	0.3	0.5	0.08635434210363145	10.864824882668636	2.3803974635421548	22.132739360417677	LOCALLY_SOLVED
3.0	0.5	0.15	1.0	0.3	0.5	0.09126594084508083	10.935548235150936	2.3617560664568047	22.217299508261146	LOCALLY_SOLVED
3.5	0.5	0.15	1.0	0.3	0.5	0.09916786119352825	10.967770279986935	2.3159991429674878	22.008376784806345	LOCALLY_SOLVED
4.0	0.5	0.15	1.0	0.3	0.5	0.10720983768778468	11.00019674039736	2.2704205474643353	21.8004683608935	LOCALLY_SOLVED
3.0	1.0	0.15	1.0	0.3	0.5	0.09156899473437813	10.886223287128338	2.3498163894883186	21.993623699574293	LOCALLY_SOLVED
3.5	1.0	0.15	1.0	0.3	0.5	0.09950683040378473	10.918487826947358	2.3040894828826577	21.785801302577834	LOCALLY_SOLVED
4.0	1.0	0.15	1.0	0.3	0.5	0.10758570255812776	10.950958636664797	2.2585426529728525	21.578991849963465	LOCALLY_SOLVED
3.0	1.5	0.15	1.0	0.3	0.5	0.09187359607537014	10.836903893236036	2.337881719382927	21.771070888604285	LOCALLY_SOLVED
3.5	1.5	0.15	1.0	0.3	0.5	0.09984762893853748	10.869211357978259	2.292185168629833	21.56434856102063	LOCALLY_SOLVED
4.0	1.5	0.15	1.0	0.3	0.5	0.10796368660036115	10.901726969642555	2.2466704663974753	21.358637803339136	LOCALLY_SOLVED
3.0	0.5	0.1	1.5	0.3	0.5	0.01771486567723653	11.049820187048477	2.642504371446702	20.996238884778073	LOCALLY_SOLVED
3.5	0.5	0.1	1.5	0.3	0.5	0.022258027263786798	11.070842260231352	2.6116712946584566	20.85915888636754	LOCALLY_SOLVED
4.0	0.5	0.1	1.5	0.3	0.5	0.026854140636267614	11.091943629184968	2.5809046424342936	20.722535423580144	LOCALLY_SOLVED
3.0	1.0	0.1	1.5	0.3	0.5	0.017664377138195384	11.016824400575974	2.634529249730826	20.85036220767831	LOCALLY_SOLVED
3.5	1.0	0.1	1.5	0.3	0.5	0.02221932507150155	11.037862090765342	2.6037068924869318	20.713770674817898	LOCALLY_SOLVED
4.0	1.0	0.1	1.5	0.3	0.5	0.026827454434939463	11.058979531400514	2.572951365450843	20.57763536527637	LOCALLY_SOLVED
3.0	1.5	0.1	1.5	0.3	0.5	0.017612953209140948	10.983830126796365	2.6265560246510433	20.704985523089153	LOCALLY_SOLVED
3.5	1.5	0.1	1.5	0.3	0.5	0.02217973722197657	11.004883530149579	2.595744460628596	20.568882390650163	LOCALLY_SOLVED
4.0	1.5	0.1	1.5	0.3	0.5	0.026799933452584704	11.026017142177945	2.56500013582959	20.43323516661668	LOCALLY_SOLVED
3.0	0.5	0.15	1.5	0.3	0.5	0.03149667996617279	11.096652028079298	2.546235086603577	20.514097633461414	LOCALLY_SOLVED
3.5	0.5	0.15	1.5	0.3	0.5	0.0385822689267439	11.128594311071007	2.5003284889089348	20.3110559393327	LOCALLY_SOLVED
4.0	0.5	0.15	1.5	0.3	0.5	0.04579193396359596	11.160729659221337	2.4545865411565297	20.109022210544225	LOCALLY_SOLVED
3.0	1.0	0.15	1.5	0.3	0.5	0.03147414223190276	11.047232727414066	2.5343248809901966	20.29804154576542	LOCALLY_SOLVED
3.5	1.0	0.15	1.5	0.3	0.5	0.038588035463766816	11.079213761020224	2.4884456288438512	20.096096351696097	LOCALLY_SOLVED
4.0	1.0	0.15	1.5	0.3	0.5	0.045826803201950685	11.111389555916848	2.4427325745601403	19.89515785685151	LOCALLY_SOLVED
3.0	1.5	0.15	1.5	0.3	0.5	0.031449812925410214	10.997817528087499	2.522419499937961	20.083109985263032	LOCALLY_SOLVED
3.5	1.5	0.15	1.5	0.3	0.5	0.038592191276369335	11.029837680164635	2.476567883221878	19.882261038883936	LOCALLY_SOLVED
4.0	1.5	0.15	1.5	0.3	0.5	0.045860248013327026	11.062054309745724	2.4308840318959706	19.6824175093768	LOCALLY_SOLVED
3.0	0.5	0.1	2.0	0.3	0.5	-0.038120475236328145	11.209418274369435	2.825604549599621	19.355364505455153	LOCALLY_SOLVED
3.5	0.5	0.1	2.0	0.3	0.5	-0.034064325137253285	11.230248551935585	2.7946837662109085	19.2224143182903	LOCALLY_SOLVED
4.0	0.5	0.1	2.0	0.3	0.5	-0.029961488411801213	11.251153256999938	2.763824229418991	19.08991884202925	LOCALLY_SOLVED
3.0	1.0	0.1	2.0	0.3	0.5	-0.038362550414052475	11.17635439166813	2.8176453887727915	19.214652826850912	LOCALLY_SOLVED
3.5	1.0	0.1	2.0	0.3	0.5	-0.03429752350032587	11.197198617765965	2.7867343192490712	19.08219038848103	LOCALLY_SOLVED
4.0	1.0	0.1	2.0	0.3	0.5	-0.03018562735189926	11.218117680265712	2.755884852516219	18.95018237543027	LOCALLY_SOLVED
3.0	1.5	0.1	2.0	0.3	0.5	-0.03860681232261728	11.143291356037548	2.809688045746494	19.07444228205088	LOCALLY_SOLVED
3.5	1.5	0.1	2.0	0.3	0.5	-0.03453288394267695	11.164149608502488	2.7787867518272273	18.942467534994655	LOCALLY_SOLVED
4.0	1.5	0.1	2.0	0.3	0.5	-0.030411903020156353	11.18508310929963	2.747947419692467	18.81094692559292	LOCALLY_SOLVED
3.0	0.5	0.15	2.0	0.3	0.5	-0.025918625305701708	11.255623471841421	2.7290628522058245	18.888188757758826	LOCALLY_SOLVED
3.5	0.5	0.15	2.0	0.3	0.5	-0.019596784013866796	11.287252283907618	2.6829976176516643	18.691333691761688	LOCALLY_SOLVED
4.0	0.5	0.15	2.0	0.3	0.5	-0.01316557218743404	11.319062169304882	2.637083935276942	18.4954844122924	LOCALLY_SOLVED
3.0	1.0	0.15	2.0	0.3	0.5	-0.026243341312901024	11.206093499082556	2.7171717064969454	18.67987837756993	LOCALLY_SOLVED
3.5	1.0	0.15	2.0	0.3	0.5	-0.019900134390860726	11.237756929425888	2.6711311552864068	18.484118433530004	LOCALLY_SOLVED
4.0	1.0	0.15	2.0	0.3	0.5	-0.013446923120472873	11.269602959420304	2.6252435148332935	18.289363136077085	LOCALLY_SOLVED
3.0	1.5	0.15	2.0	0.3	0.5	-0.02657286549795902	11.156565982845487	2.705285117882298	18.47269517466089	LOCALLY_SOLVED
3.5	1.5	0.15	2.0	0.3	0.5	-0.020208202634837684	11.188264330633007	2.6592694924503837	18.278030132997404	LOCALLY_SOLVED
4.0	1.5	0.15	2.0	0.3	0.5	-0.013732898440962671	11.220146821548994	2.613408152670143	18.084368585188532	LOCALLY_SOLVED
3.0	0.5	0.1	1.0	0.4	0.5	0.08809599658376246	10.889705266366976	2.4546154562516733	22.76319335733966	LOCALLY_SOLVED
3.5	0.5	0.1	1.0	0.4	0.5	0.09329904763305392	10.910963640594689	2.423902519141171	22.6224013892849	LOCALLY_SOLVED
4.0	0.5	0.1	1.0	0.4	0.5	0.09856388012038785	10.932307805008692	2.393263446305275	22.48206994955371	LOCALLY_SOLVED
3.0	1.0	0.1	1.0	0.4	0.5	0.08829640203824389	10.856781807319118	2.4466158595142047	22.612224330940183	LOCALLY_SOLVED
3.5	1.0	0.1	1.0	0.4	0.5	0.09351527332097394	10.878057816981576	2.4159150169195645	22.471922958179242	LOCALLY_SOLVED
4.0	1.0	0.1	1.0	0.4	0.5	0.09879622232405541	10.8994201305403	2.385288515727255	22.332081778466904	LOCALLY_SOLVED
3.0	1.5	0.1	1.0	0.4	0.5	0.08849755566444027	10.82386058748703	2.438618234576548	22.46175454374098	LOCALLY_SOLVED
3.5	1.5	0.1	1.0	0.4	0.5	0.09373233207750993	10.845154350447515	2.4079295766811946	22.321943701490813	LOCALLY_SOLVED
4.0	1.5	0.1	1.0	0.4	0.5	0.09902948425387284	10.86653493521352	2.37731574151432	22.182592713810344	LOCALLY_SOLVED
3.0	0.5	0.15	1.0	0.4	0.5	0.10401544267868656	10.937304843771265	2.3587190785542362	22.26738494688176	LOCALLY_SOLVED
3.5	0.5	0.15	1.0	0.4	0.5	0.11213764156324973	10.969635838528566	2.3130315817637457	22.05879454902716	LOCALLY_SOLVED
4.0	0.5	0.15	1.0	0.4	0.5	0.12040462832890306	11.002175939649725	2.267527610038311	21.851218466505898	LOCALLY_SOLVED
3.0	1.0	0.15	1.0	0.4	0.5	0.10438971278890001	10.888004277270563	2.3467788161368865	22.043698962179214	LOCALLY_SOLVED
3.5	1.0	0.15	1.0	0.4	0.5	0.11254984650742107	10.920379048643257	2.30112233508784	21.83620965279754	LOCALLY_SOLVED
4.0	1.0	0.15	1.0	0.4	0.5	0.12085579874589689	10.952964841533955	2.2556512012420193	21.62973326483049	LOCALLY_SOLVED
3.0	1.5	0.15	1.0	0.4	0.5	0.10476626017731298	10.838709619602058	2.334843671459748	21.821135788155537	LOCALLY_SOLVED
3.5	1.5	0.15	1.0	0.4	0.5	0.11296463641273581	10.87112861699068	2.2892185620436765	21.614747308307273	LOCALLY_SOLVED
4.0	1.5	0.15	1.0	0.4	0.5	0.1213098703837064	10.903760574677955	2.243780646320684	21.409370335616313	LOCALLY_SOLVED
3.0	0.5	0.1	1.5	0.4	0.5	0.029123971192415218	11.05169593700052	2.6397376585241	21.04025540288802	LOCALLY_SOLVED
3.5	0.5	0.1	1.5	0.4	0.5	0.03379323916037522	11.072785891345022	2.6089432881558956	20.903349756537505	LOCALLY_SOLVED
4.0	0.5	0.1	1.5	0.4	0.5	0.03851725440054213	11.093957016279349	2.5782172392138225	20.766900584946278	LOCALLY_SOLVED
3.0	1.0	0.1	1.5	0.4	0.5	0.029112148688269432	11.018715879047681	2.63176238317783	20.89435468048066	LOCALLY_SOLVED
3.5	1.0	0.1	1.5	0.4	0.5	0.033793927414420874	11.039821966346437	2.6009790860758653	20.75793763033671	LOCALLY_SOLVED
4.0	1.0	0.1	1.5	0.4	0.5	0.03853069549807782	11.061009695073123	2.570264533302167	20.621976733122498	LOCALLY_SOLVED
3.0	1.5	0.1	1.5	0.4	0.5	0.029099633115701375	10.985737478105785	2.623789045275799	20.74895377674197	LOCALLY_SOLVED
3.5	1.5	0.1	1.5	0.4	0.5	0.033793978177857405	11.006859799649472	2.593016898942256	20.613025255979387	LOCALLY_SOLVED
4.0	1.5	0.1	1.5	0.4	0.5	0.03854355592663355	11.02806423718281	2.562313923401602	20.477552563554834	LOCALLY_SOLVED
3.0	0.5	0.15	1.5	0.4	0.5	0.04330991602251854	11.098745738102028	2.5435907207647053	20.558625127574285	LOCALLY_SOLVED
3.5	0.5	0.15	1.5	0.4	0.5	0.05059409474769576	11.130799686441367	2.4977520974680227	20.355844290550873	LOCALLY_SOLVED
4.0	0.5	0.15	1.5	0.4	0.5	0.05800654852864056	11.163051337662521	2.4520829340406296	20.154070606370087	LOCALLY_SOLVED
3.0	1.0	0.15	1.5	0.4	0.5	0.04334898579814434	11.049352605517047	2.531682014469847	20.342533313979924	LOCALLY_SOLVED
3.5	1.0	0.15	1.5	0.4	0.5	0.05066320054947427	11.081446596830258	2.4858716715783737	20.140849190067605	LOCALLY_SOLVED
4.0	1.0	0.15	1.5	0.4	0.5	0.05810653153711403	11.113740047429095	2.440232402831813	19.94017090913194	LOCALLY_SOLVED
3.0	1.5	0.15	1.5	0.4	0.5	0.04338685459144675	10.999963938911053	2.5197782534878113	20.127565619688756	LOCALLY_SOLVED
3.5	1.5	0.15	1.5	0.4	0.5	0.05073130723524168	11.032098360520457	2.473996496158647	19.926977948815658	LOCALLY_SOLVED
4.0	1.5	0.15	1.5	0.4	0.5	0.05820572322859888	11.064434018839323	2.4283874479558567	19.727394793808514	LOCALLY_SOLVED
3.0	0.5	0.1	2.0	0.4	0.5	-0.027536286768776105	11.211554200319812	2.8231856212836797	19.39448868018046	LOCALLY_SOLVED
3.5	0.5	0.1	2.0	0.4	0.5	-0.023366296642471588	11.232453029651213	2.7923027332144885	19.26167340285299	LOCALLY_SOLVED
4.0	0.5	0.1	2.0	0.4	0.5	-0.01914802181464169	11.253428117421246	2.7614828445813897	19.129312484640614	LOCALLY_SOLVED
3.0	1.0	0.1	2.0	0.4	0.5	-0.027745049620566987	11.178506644241592	2.8152274540373363	19.253739807116872	LOCALLY_SOLVED
3.5	1.0	0.1	2.0	0.4	0.5	-0.023565562142468795	11.199419930434505	2.784354609602011	19.121412227506895	LOCALLY_SOLVED
4.0	1.0	0.1	2.0	0.4	0.5	-0.01933759671908994	11.220409899620432	2.753545136304817	18.989538710924986	LOCALLY_SOLVED
3.0	1.5	0.1	2.0	0.4	0.5	-0.02795580623621868	11.145460077710267	2.807271148455006	19.113491828633023	LOCALLY_SOLVED
3.5	1.5	0.1	2.0	0.4	0.5	-0.023766792019273095	11.1663879035515	2.7764084128101336	18.981651886441703	LOCALLY_SOLVED
4.0	1.5	0.1	2.0	0.4	0.5	-0.019529105831724177	11.187392840130965	2.7456094229722217	18.850265708963065	LOCALLY_SOLVED
3.0	0.5	0.15	2.0	0.4	0.5	-0.014970528408382358	11.257979523577717	2.7267639347313817	18.927697874627533	LOCALLY_SOLVED
3.5	0.5	0.15	2.0	0.4	0.5	-0.008469552274320592	11.289720777088654	2.680764701643731	18.73104297842653	LOCALLY_SOLVED
4.0	0.5	0.15	2.0	0.4	0.5	-0.0018554678004918004	11.321647629614342	2.6349214584397047	18.53539245042832	LOCALLY_SOLVED
3.0	1.0	0.15	2.0	0.4	0.5	-0.015242202330507661	11.208476576758656	2.714875895382177	18.719331145474698	LOCALLY_SOLVED
3.5	1.0	0.15	2.0	0.4	0.5	-0.008718377751129306	11.240253719620998	2.668902212457013	18.523771167263757	LOCALLY_SOLVED
4.0	1.0	0.15	2.0	0.4	0.5	-0.0020807744564178155	11.2722180462672	2.623085937628694	18.32921437161722	LOCALLY_SOLVED
3.0	1.5	0.15	2.0	0.4	0.5	-0.015518213909206515	11.15897644547408	2.7029925377201938	18.5120910300203	LOCALLY_SOLVED
3.5	1.5	0.15	2.0	0.4	0.5	-0.008971433548080337	11.19078979564246	2.6570446609999703	18.317625738785097	LOCALLY_SOLVED
4.0	1.5	0.15	2.0	0.4	0.5	-0.002310200533610422	11.222791932437456	2.611255627873649	18.12416243073751	LOCALLY_SOLVED
3.0	0.5	0.1	1.0	0.2	1.0	-0.29470925373521795	11.898567787764204	7.578915597073244	16.68511727576667	LOCALLY_SOLVED
3.5	0.5	0.1	1.0	0.2	1.0	-0.2946119665471202	11.911272209381263	7.554219478732112	16.573161314424155	LOCALLY_SOLVED
4.0	0.5	0.1	1.0	0.2	1.0	-0.29451424260488923	11.923977827642293	7.529525290412462	16.461580077192274	LOCALLY_SOLVED
3.0	1.0	0.1	1.0	0.2	1.0	-0.29461196654712013	11.861272209381262	7.5542194787321115	16.573161314424166	LOCALLY_SOLVED
3.5	1.0	0.1	1.0	0.2	1.0	-0.2945142426048898	11.873977827642292	7.529525290412463	16.46158007719227	LOCALLY_SOLVED
4.0	1.0	0.1	1.0	0.2	1.0	-0.29441607962770716	11.886684652703638	7.504833050073425	16.350373561670185	LOCALLY_SOLVED
3.0	1.5	0.1	1.0	0.2	1.0	-0.2945142426048897	11.823977827642292	7.5295252904124625	16.46158007719227	LOCALLY_SOLVED
3.5	1.5	0.1	1.0	0.2	1.0	-0.29441607962770716	11.836684652703637	7.504833050073426	16.35037356167019	LOCALLY_SOLVED
4.0	1.5	0.1	1.0	0.2	1.0	-0.29431747533114755	11.849392694831733	7.480142775891631	16.2395417654301	LOCALLY_SOLVED
3.0	0.5	0.15	1.0	0.2	1.0	-0.2943668327872571	11.918038520988352	7.492487666068249	16.294910823792694	LOCALLY_SOLVED
3.5	0.5	0.15	1.0	0.2	1.0	-0.2942184274275447	11.937101964404508	7.455454486264444	16.129084686017023	LOCALLY_SOLVED
4.0	0.5	0.15	1.0	0.2	1.0	-0.2940690187977062	11.956168193202386	7.418425813659796	15.964101655509428	LOCALLY_SOLVED
3.0	1.0	0.15	1.0	0.2	1.0	-0.2942184274275447	11.862101964404507	7.455454486264444	16.12908468601702	LOCALLY_SOLVED
3.5	1.0	0.15	1.0	0.2	1.0	-0.29406901879770614	11.881168193202386	7.418425813659796	15.964101655509422	LOCALLY_SOLVED
4.0	1.0	0.15	1.0	0.2	1.0	-0.2939185991571909	11.900237243272578	7.381401712063866	15.799961723772315	LOCALLY_SOLVED
3.0	1.5	0.15	1.0	0.2	1.0	-0.2940690187977061	11.806168193202385	7.418425813659794	15.964101655509419	LOCALLY_SOLVED
3.5	1.5	0.15	1.0	0.2	1.0	-0.293918599157191	11.82523724327258	7.381401712063868	15.79996172377232	LOCALLY_SOLVED
4.0	1.5	0.15	1.0	0.2	1.0	-0.2937671607560768	11.844309151095802	7.344382246462786	15.636664882163409	LOCALLY_SOLVED
3.0	0.5	0.1	1.5	0.2	1.0	-0.3289140315841814	12.016535450732741	7.852242777857697	15.443348394501738	LOCALLY_SOLVED
3.5	0.5	0.1	1.5	0.2	1.0	-0.32894222074501106	12.029195264788779	7.827593623777006	15.33518017649195	LOCALLY_SOLVED
4.0	0.5	0.1	1.5	0.2	1.0	-0.3289708628102767	12.041855854727169	7.802946523703792	15.227386986080068	LOCALLY_SOLVED
3.0	1.0	0.1	1.5	0.2	1.0	-0.3289422207450117	11.97919526478878	7.8275936237770125	15.335180176491964	LOCALLY_SOLVED
3.5	1.0	0.1	1.5	0.2	1.0	-0.32897086281027704	11.991855854727168	7.802946523703792	15.227386986080084	LOCALLY_SOLVED
4.0	1.0	0.1	1.5	0.2	1.0	-0.3289999647253993	12.004517225449936	7.778301495166586	15.119968824333425	LOCALLY_SOLVED
3.0	1.5	0.1	1.5	0.2	1.0	-0.32897086281027677	11.94185585472717	7.802946523703791	15.227386986080077	LOCALLY_SOLVED
3.5	1.5	0.1	1.5	0.2	1.0	-0.328999964725399	11.954517225449935	7.778301495166582	15.119968824333416	LOCALLY_SOLVED
4.0	1.5	0.1	1.5	0.2	1.0	-0.3290295335574272	11.96717938188762	7.753658555886854	15.012925692343295	LOCALLY_SOLVED
3.0	0.5	0.15	1.5	0.2	1.0	-0.32901469033029124	12.035848205145147	7.765979763254339	15.066400379549629	LOCALLY_SOLVED
3.5	0.5	0.15	1.5	0.2	1.0	-0.32905957649750023	12.054842328999165	7.72901772378154	14.906257591225625	LOCALLY_SOLVED
4.0	0.5	0.15	1.5	0.2	1.0	-0.3291055459030069	12.073838243097198	7.692060466256949	14.746958624937964	LOCALLY_SOLVED
3.0	1.0	0.15	1.5	0.2	1.0	-0.3290595764974999	11.979842328999162	7.729017723781538	14.906257591225629	LOCALLY_SOLVED
3.5	1.0	0.15	1.5	0.2	1.0	-0.32910554590300695	11.998838243097198	7.692060466256948	14.74695862493796	LOCALLY_SOLVED
4.0	1.0	0.15	1.5	0.2	1.0	-0.3291526237919503	12.01783596438968	7.655108052668124	14.58850348464672	LOCALLY_SOLVED
3.0	1.5	0.15	1.5	0.2	1.0	-0.3291055459030067	11.923838243097196	7.692060466256948	14.74695862493796	LOCALLY_SOLVED
3.5	1.5	0.15	1.5	0.2	1.0	-0.3291526237919505	11.942835964389683	7.655108052668126	14.588503484646726	LOCALLY_SOLVED
4.0	1.5	0.15	1.5	0.2	1.0	-0.32920083608362455	11.96183550996832	7.618160546038891	14.430892174446713	LOCALLY_SOLVED
3.0	0.5	0.1	2.0	0.2	1.0	-0.3622295723257942	12.133666765796503	8.123862451475889	14.25372078096524	LOCALLY_SOLVED
3.5	0.5	0.1	2.0	0.2	1.0	-0.36237711311354176	12.146277587718076	8.09925159140931	14.14938743854951	LOCALLY_SOLVED
4.0	0.5	0.1	2.0	0.2	1.0	-0.3625259367151169	12.15888873026966	8.074642847298238	14.045429725280197	LOCALLY_SOLVED
3.0	1.0	0.1	2.0	0.2	1.0	-0.3623771131135419	12.096277587718074	8.09925159140931	14.149387438549521	LOCALLY_SOLVED
3.5	1.0	0.1	2.0	0.2	1.0	-0.3625259367151174	12.108888730269662	8.074642847298243	14.045429725280215	LOCALLY_SOLVED
4.0	1.0	0.1	2.0	0.2	1.0	-0.36267605856658297	12.121500192726705	8.050036235699476	13.941847648483456	LOCALLY_SOLVED
3.0	1.5	0.1	2.0	0.2	1.0	-0.3625259367151167	12.05888873026966	8.074642847298238	14.045429725280215	LOCALLY_SOLVED
3.5	1.5	0.1	2.0	0.2	1.0	-0.36267605856658247	12.071500192726704	8.050036235699471	13.94184764848345	LOCALLY_SOLVED
4.0	1.5	0.1	2.0	0.2	1.0	-0.36282749434021405	12.084111974306206	8.025431773333088	13.83864121559488	LOCALLY_SOLVED
3.0	0.5	0.15	2.0	0.2	1.0	-0.36275161122426386	12.152806043677417	8.0377337348108	13.890197476081585	LOCALLY_SOLVED
3.5	0.5	0.15	2.0	0.2	1.0	-0.3629802599488856	12.171724074164988	8.000829477084281	13.735810434161646	LOCALLY_SOLVED
4.0	0.5	0.15	2.0	0.2	1.0	-0.3632119372162535	12.190642818729467	7.9639301315293	13.58226862527988	LOCALLY_SOLVED
3.0	1.0	0.15	2.0	0.2	1.0	-0.3629802599488855	12.096724074164989	8.00082947708428	13.735810434161637	LOCALLY_SOLVED
3.5	1.0	0.15	2.0	0.2	1.0	-0.3632119372162532	12.115642818729464	7.963930131529297	13.58226862527988	LOCALLY_SOLVED
4.0	1.0	0.15	2.0	0.2	1.0	-0.36344669861765316	12.134562274045015	7.927035756411438	13.429572075781175	LOCALLY_SOLVED
3.0	1.5	0.15	2.0	0.2	1.0	-0.36321193721625356	12.040642818729465	7.9639301315293	13.582268625279886	LOCALLY_SOLVED
3.5	1.5	0.15	2.0	0.2	1.0	-0.36344669861765316	12.059562274045016	7.9270357564114375	13.429572075781177	LOCALLY_SOLVED
4.0	1.5	0.15	2.0	0.2	1.0	-0.3636846010441283	12.07848243644853	7.890146410865761	13.277720812612065	LOCALLY_SOLVED
3.0	0.5	0.1	1.0	0.3	1.0	-0.28751044340799053	11.900294462186773	7.574623566825474	16.71475017035786	LOCALLY_SOLVED
3.5	0.5	0.1	1.0	0.3	1.0	-0.287386032572585	11.91300978913557	7.549920743630713	16.602792115660414	LOCALLY_SOLVED
4.0	0.5	0.1	1.0	0.3	1.0	-0.28726099081337436	11.925726414575307	7.525219853513038	16.491208758358745	LOCALLY_SOLVED
3.0	1.0	0.1	1.0	0.3	1.0	-0.28738603257258516	11.863009789135567	7.5499207436307145	16.602792115660435	LOCALLY_SOLVED
3.5	1.0	0.1	1.0	0.3	1.0	-0.2872609908133747	11.875726414575304	7.525219853513041	16.491208758358752	LOCALLY_SOLVED
4.0	1.0	0.1	1.0	0.3	1.0	-0.28713531384632135	11.888444349913053	7.500520914888719	16.38000009567247	LOCALLY_SOLVED
3.0	1.5	0.1	1.0	0.3	1.0	-0.2872609908133746	11.825726414575305	7.525219853513039	16.49120875835875	LOCALLY_SOLVED
3.5	1.5	0.1	1.0	0.3	1.0	-0.2871353138463209	11.838444349913052	7.500520914888716	16.380000095672457	LOCALLY_SOLVED
4.0	1.5	0.1	1.0	0.3	1.0	-0.287008997357127	11.851163606684919	7.475823946402421	16.269166124787912	LOCALLY_SOLVED
3.0	0.5	0.15	1.0	0.3	1.0	-0.2870722358128199	11.919803812393633	7.488172183204016	16.324536273932136	LOCALLY_SOLVED
3.5	0.5	0.15	1.0	0.3	1.0	-0.286882037001166	11.93888419655778	7.451128966930671	16.15870684285771	LOCALLY_SOLVED
4.0	0.5	0.15	1.0	0.3	1.0	-0.28669037963835997	11.957967606779333	7.414090268997794	15.993720455438861	LOCALLY_SOLVED
3.0	1.0	0.15	1.0	0.3	1.0	-0.28688203700116577	11.863884196557779	7.45112896693067	16.158706842857715	LOCALLY_SOLVED
3.5	1.0	0.15	1.0	0.3	1.0	-0.2866903796383598	11.882967606779333	7.414090268997792	15.99372045543885	LOCALLY_SOLVED
4.0	1.0	0.15	1.0	0.3	1.0	-0.28649724883022576	11.902054083449999	7.377056154919886	15.829577101803155	LOCALLY_SOLVED
3.0	1.5	0.15	1.0	0.3	1.0	-0.28669037963836047	11.807967606779336	7.414090268997796	15.993720455438856	LOCALLY_SOLVED
3.5	1.5	0.15	1.0	0.3	1.0	-0.28649724883022576	11.827054083449998	7.377056154919886	15.829577101803165	LOCALLY_SOLVED
4.0	1.5	0.15	1.0	0.3	1.0	-0.2863026295281187	11.846143667655515	7.340026691448925	15.666276771898582	LOCALLY_SOLVED
3.0	0.5	0.1	1.5	0.3	1.0	-0.3221531873104408	12.018350113547774	7.848403998226862	15.470024132196512	LOCALLY_SOLVED
3.5	0.5	0.1	1.5	0.3	1.0	-0.32215735187921085	12.03102095062001	7.823750260876783	15.361844337893604	LOCALLY_SOLVED
4.0	0.5	0.1	1.5	0.3	1.0	-0.32216180682902973	12.043692662711504	7.799098593521923	15.25403948563255	LOCALLY_SOLVED
3.0	1.0	0.1	1.5	0.3	1.0	-0.32215735187921163	11.981020950620012	7.823750260876791	15.361844337893608	LOCALLY_SOLVED
3.5	1.0	0.1	1.5	0.3	1.0	-0.32216180682903073	11.993692662711506	7.799098593521931	15.254039485632548	LOCALLY_SOLVED
4.0	1.0	0.1	1.5	0.3	1.0	-0.32216655751921636	12.00636525589863	7.7744490142231815	15.146609575570343	LOCALLY_SOLVED
3.0	1.5	0.1	1.5	0.3	1.0	-0.32216180682902973	11.943692662711502	7.799098593521924	15.254039485632559	LOCALLY_SOLVED
3.5	1.5	0.1	1.5	0.3	1.0	-0.32216655751921625	11.956365255898628	7.774449014223182	15.14660957557034	LOCALLY_SOLVED
4.0	1.5	0.1	1.5	0.3	1.0	-0.3221716094107391	11.969038736303451	7.749801541245149	15.039554607875427	LOCALLY_SOLVED
3.0	0.5	0.15	1.5	0.3	1.0	-0.3221690454694702	12.037701884814409	7.762125013294503	15.09303522391599	LOCALLY_SOLVED
3.5	0.5	0.15	1.5	0.3	1.0	-0.3221769680683759	12.056713110093943	7.72515619305892	14.932874582728163	LOCALLY_SOLVED
4.0	0.5	0.15	1.5	0.3	1.0	-0.32218559367567984	12.075726359483642	7.688192195685412	14.773557562708595	LOCALLY_SOLVED
3.0	1.0	0.15	1.5	0.3	1.0	-0.3221769680683758	11.981713110093942	7.72515619305892	14.932874582728163	LOCALLY_SOLVED
3.5	1.0	0.15	1.5	0.3	1.0	-0.3221855936756797	12.00072635948364	7.688192195685409	14.773557562708593	LOCALLY_SOLVED
4.0	1.0	0.15	1.5	0.3	1.0	-0.3221949418894808	12.019741654151169	7.65123308511822	14.615084164560278	LOCALLY_SOLVED
3.0	1.5	0.15	1.5	0.3	1.0	-0.3221855936756799	11.925726359483642	7.688192195685412	14.773557562708595	LOCALLY_SOLVED
3.5	1.5	0.15	1.5	0.3	1.0	-0.3221949418894809	11.944741654151166	7.651233085118222	14.6150841645603	LOCALLY_SOLVED
4.0	1.5	0.15	1.5	0.3	1.0	-0.3222050328737017	11.96375901549954	7.614278926397644	14.457454389052623	LOCALLY_SOLVED
3.0	0.5	0.1	2.0	0.3	1.0	-0.3558848083114331	12.135546466117972	8.120436104489999	14.277675688569815	LOCALLY_SOLVED
3.5	0.5	0.1	2.0	0.3	1.0	-0.35601120242812095	12.148168238708179	8.095822469545753	14.173322786196195	LOCALLY_SOLVED
4.0	0.5	0.1	2.0	0.3	1.0	-0.35613874565709003	12.160790426249928	8.07121097644668	14.069345382532365	LOCALLY_SOLVED
3.0	1.0	0.1	2.0	0.3	1.0	-0.35601120242812095	12.098168238708174	8.095822469545752	14.1733227861962	LOCALLY_SOLVED
3.5	1.0	0.1	2.0	0.3	1.0	-0.35613874565709086	12.110790426249928	8.071210976446686	14.069345382532378	LOCALLY_SOLVED
4.0	1.0	0.1	2.0	0.3	1.0	-0.35626745222260814	12.123413029086889	8.04660164232311	13.965743483633323	LOCALLY_SOLVED
3.0	1.5	0.1	2.0	0.3	1.0	-0.3561387456570905	12.060790426249927	8.071210976446684	14.069345382532374	LOCALLY_SOLVED
3.5	1.5	0.1	2.0	0.3	1.0	-0.35626745222260753	12.073413029086888	8.046601642323107	13.965743483633323	LOCALLY_SOLVED
4.0	1.5	0.1	2.0	0.3	1.0	-0.35639733657111716	12.086036047519183	8.021994484478874	13.862517095647384	LOCALLY_SOLVED
3.0	0.5	0.15	2.0	0.3	1.0	-0.3563322462622927	12.1547244863366	8.034297790277744	13.914083350388253	LOCALLY_SOLVED
3.5	0.5	0.15	2.0	0.3	1.0	-0.3565284133754314	12.173659481801948	7.997389520393422	13.759666224818007	LOCALLY_SOLVED
4.0	0.5	0.15	2.0	0.3	1.0	-0.3567272971020157	12.192595413388911	7.960486226236878	13.60609402713873	LOCALLY_SOLVED
3.0	1.0	0.15	2.0	0.3	1.0	-0.3565284133754317	12.098659481801949	7.997389520393422	13.759666224817991	LOCALLY_SOLVED
3.5	1.0	0.15	2.0	0.3	1.0	-0.3567272971020153	12.117595413388907	7.960486226236872	13.606094027138733	LOCALLY_SOLVED
4.0	1.0	0.15	2.0	0.3	1.0	-0.3569289487375106	12.136532281596855	7.923587968161162	13.45336677916719	LOCALLY_SOLVED
3.0	1.5	0.15	2.0	0.3	1.0	-0.35672729710201556	12.042595413388911	7.960486226236878	13.60609402713873	LOCALLY_SOLVED
3.5	1.5	0.15	2.0	0.3	1.0	-0.35692894873751063	12.061532281596856	7.9235879681611605	13.453366779167187	LOCALLY_SOLVED
4.0	1.5	0.15	2.0	0.3	1.0	-0.3571334208015298	12.080470086669212	7.886694807445282	13.301484503233953	LOCALLY_SOLVED
3.0	0.5	0.1	1.0	0.4	1.0	-0.28016550061331225	11.9020223716075	7.570221288615221	16.74500445292249	LOCALLY_SOLVED
3.5	0.5	0.1	1.0	0.4	1.0	-0.28001291361525377	11.914748760325388	7.545511295243196	16.63304637027525	LOCALLY_SOLVED
4.0	0.5	0.1	1.0	0.4	1.0	-0.27985949060376	11.927476552174344	7.52080323588557	16.5214629714362	LOCALLY_SOLVED
3.0	1.0	0.1	1.0	0.4	1.0	-0.28001291361525393	11.864748760325385	7.545511295243196	16.63304637027526	LOCALLY_SOLVED
3.5	1.0	0.1	1.0	0.4	1.0	-0.27985949060376036	11.877476552174347	7.520803235885574	16.52146297143621	LOCALLY_SOLVED
4.0	1.0	0.1	1.0	0.4	1.0	-0.27970522514562063	11.890205759861985	7.496097129417719	16.410254253365242	LOCALLY_SOLVED
3.0	1.5	0.1	1.0	0.4	1.0	-0.2798594906037608	11.827476552174348	7.520803235885576	16.52146297143621	LOCALLY_SOLVED
3.5	1.5	0.1	1.0	0.4	1.0	-0.2797052251456207	11.840205759861986	7.496097129417721	16.410254253365242	LOCALLY_SOLVED
4.0	1.5	0.1	1.0	0.4	1.0	-0.27955011074834407	11.852936396244859	7.471392994954755	16.29942021298402	LOCALLY_SOLVED
3.0	0.5	0.15	1.0	0.4	1.0	-0.27962777447248555	11.921570898657107	7.483744814481465	16.35479039865732	LOCALLY_SOLVED
3.5	0.5	0.15	1.0	0.4	1.0	-0.2793941408596153	11.940668474330561	7.446690851855248	16.188960847175444	LOCALLY_SOLVED
4.0	0.5	0.15	1.0	0.4	1.0	-0.2791585674981567	11.95976932348354	7.409641413968726	16.023974306370594	LOCALLY_SOLVED
3.0	1.0	0.15	1.0	0.4	1.0	-0.27939414085961534	11.865668474330558	7.446690851855248	16.18896084717545	LOCALLY_SOLVED
3.5	1.0	0.15	1.0	0.4	1.0	-0.27915856749815665	11.88476932348354	7.409641413968726	16.023974306370604	LOCALLY_SOLVED
4.0	1.0	0.15	1.0	0.4	1.0	-0.2789210318127121	11.903873491191439	7.372596568054917	15.85983076542032	LOCALLY_SOLVED
3.0	1.5	0.15	1.0	0.4	1.0	-0.27915856749815693	11.80976932348354	7.4096414139687266	16.023974306370597	LOCALLY_SOLVED
3.5	1.5	0.15	1.0	0.4	1.0	-0.27892103181271255	11.828873491191441	7.37259656805492	15.859830765420323	LOCALLY_SOLVED
4.0	1.5	0.15	1.0	0.4	1.0	-0.2786815109152917	11.847981023333002	7.335556382647926	15.696530213295109	LOCALLY_SOLVED
3.0	0.5	0.1	1.5	0.4	1.0	-0.3152571392751272	12.02017122605024	7.844468011439724	15.497252137122635	LOCALLY_SOLVED
3.5	0.5	0.1	1.5	0.4	1.0	-0.31523633905013015	12.03285327965061	7.819809320783711	15.389062387019589	LOCALLY_SOLVED
4.0	0.5	0.1	1.5	0.4	1.0	-0.31521565723990796	12.045536310533029	7.795152714836473	15.281247502338886	LOCALLY_SOLVED
3.0	1.0	0.1	1.5	0.4	1.0	-0.3152363390501304	11.982853279650607	7.819809320783709	15.389062387019594	LOCALLY_SOLVED
3.5	1.0	0.1	1.5	0.4	1.0	-0.3152156572399087	11.99553631053303	7.7951527148364805	15.281247502338893	LOCALLY_SOLVED
4.0	1.0	0.1	1.5	0.4	1.0	-0.3151950974951079	12.008220326001585	7.770498212201151	15.173807482395524	LOCALLY_SOLVED
3.0	1.5	0.1	1.5	0.4	1.0	-0.31521565723990863	11.945536310533031	7.795152714836477	15.281247502338884	LOCALLY_SOLVED
3.5	1.5	0.1	1.5	0.4	1.0	-0.3151950974951075	11.95822032600158	7.770498212201146	15.17380748239553	LOCALLY_SOLVED
4.0	1.5	0.1	1.5	0.4	1.0	-0.31517466354611323	11.970905333424259	7.745845831695866	15.066742326504167	LOCALLY_SOLVED
3.0	0.5	0.15	1.5	0.4	1.0	-0.3151848645598217	12.039562705255646	7.758171755497639	15.1202280464862	LOCALLY_SOLVED
3.5	0.5	0.15	1.5	0.4	1.0	-0.315154359204858	12.058591340233475	7.7211955923567555	14.960052033979135	LOCALLY_SOLVED
4.0	0.5	0.15	1.5	0.4	1.0	-0.3151241542518213	12.077622240715375	7.684224290220986	14.800719462503324	LOCALLY_SOLVED
3.0	1.0	0.15	1.5	0.4	1.0	-0.31515435920485746	11.983591340233474	7.721195592356753	14.960052033979123	LOCALLY_SOLVED
3.5	1.0	0.15	1.5	0.4	1.0	-0.3151241542518213	12.002622240715374	7.684224290220986	14.800719462503318	LOCALLY_SOLVED
4.0	1.0	0.15	1.5	0.4	1.0	-0.315094263209448	12.021655432281495	7.647257915032322	14.64223032974452	LOCALLY_SOLVED
3.0	1.5	0.15	1.5	0.4	1.0	-0.3151241542518216	11.927622240715376	7.68422429022099	14.800719462503325	LOCALLY_SOLVED
3.5	1.5	0.15	1.5	0.4	1.0	-0.315094263209448	11.946655432281496	7.647257915032322	14.64223032974452	LOCALLY_SOLVED
4.0	1.5	0.15	1.5	0.4	1.0	-0.3150647000333203	11.965690940847104	7.610296533891597	14.484584633389733	LOCALLY_SOLVED
3.0	0.5	0.1	2.0	0.4	1.0	-0.34941494253488364	12.137436931897176	8.116924150101191	14.30212042267987	LOCALLY_SOLVED
3.5	0.5	0.1	2.0	0.4	1.0	-0.34951935111511756	12.150069875445903	8.092307450489375	14.197749198802878	LOCALLY_SOLVED
4.0	0.5	0.1	2.0	0.4	1.0	-0.3496247669662247	12.162703331578543	8.06769291799402	14.093753348715271	LOCALLY_SOLVED
3.0	1.0	0.1	2.0	0.4	1.0	-0.3495193511151181	12.100069875445906	8.092307450489383	14.197749198802873	LOCALLY_SOLVED
3.5	1.0	0.1	2.0	0.4	1.0	-0.3496247669662247	12.112703331578542	8.067692917994018	14.093753348715273	LOCALLY_SOLVED
4.0	1.0	0.1	2.0	0.4	1.0	-0.34973120299831656	12.12533730176132	8.04308057033401	13.990132877229367	LOCALLY_SOLVED
3.0	1.5	0.1	2.0	0.4	1.0	-0.3496247669662248	12.062703331578543	8.067692917994018	14.093753348715268	LOCALLY_SOLVED
3.5	1.5	0.1	2.0	0.4	1.0	-0.34973120299831656	12.075337301761321	8.04308057033401	13.990132877229362	LOCALLY_SOLVED
4.0	1.5	0.1	2.0	0.4	1.0	-0.3498386723280774	12.087971787432872	8.018470425412593	13.886887789234729	LOCALLY_SOLVED
3.0	0.5	0.15	2.0	0.4	1.0	-0.3497848076730187	12.156654480072195	8.030775221404763	13.938463409987	LOCALLY_SOLVED
3.5	0.5	0.15	2.0	0.4	1.0	-0.3499471882827286	12.175606790003032	7.993862501319583	13.78401808969962	LOCALLY_SOLVED
4.0	0.5	0.15	2.0	0.4	1.0	-0.35011195431880116	12.194560266052862	7.956954819270114	13.630417404824462	LOCALLY_SOLVED
3.0	1.0	0.15	2.0	0.4	1.0	-0.349947188282729	12.100606790003036	7.993862501319589	13.784018089699618	LOCALLY_SOLVED
3.5	1.0	0.15	2.0	0.4	1.0	-0.35011195431880177	12.119560266052867	7.956954819270121	13.630417404824456	LOCALLY_SOLVED
4.0	1.0	0.15	2.0	0.4	1.0	-0.3502791524121786	12.138514912744725	7.920052237755678	13.477661372746839	LOCALLY_SOLVED
3.0	1.5	0.15	2.0	0.4	1.0	-0.3501119543188016	12.044560266052867	7.95695481927012	13.630417404824454	LOCALLY_SOLVED
3.5	1.5	0.15	2.0	0.4	1.0	-0.3502791524121793	12.063514912744727	7.920052237755685	13.477661372746848	LOCALLY_SOLVED
4.0	1.5	0.15	2.0	0.4	1.0	-0.35044883033370283	12.082470734432679	7.88315482026105	13.32575001127829	LOCALLY_SOLVED
