hm	hc	α	c	v	z	pc	ζ	obj	status
3.0	1.0	0.05	0.5	0.2	0.9275558300236973	8.632239967132595	-2.481521066268223e-9	37.95103257489399	LOCALLY_SOLVED
3.5	1.0	0.05	0.5	0.2	0.9274462991089671	8.644736658434795	-2.481520783936048e-9	37.831392750183475	LOCALLY_SOLVED
4.0	1.0	0.05	0.5	0.2	0.9273364363529478	8.657233334691274	-2.481520461079276e-9	37.711940475216174	LOCALLY_SOLVED
4.5	1.0	0.05	0.5	0.2	0.9272262402444963	8.669729995810636	-2.4815200969779283e-9	37.59267575021843	LOCALLY_SOLVED
5.0	1.0	0.05	0.5	0.2	0.9271157092632741	8.682226641700792	-2.481519690896781e-9	37.473598575418	LOCALLY_SOLVED
3.0	1.5	0.05	0.5	0.2	0.9274462991089671	8.619736658434796	-2.481520783936048e-9	37.83139275018349	LOCALLY_SOLVED
3.5	1.5	0.05	0.5	0.2	0.9273364363529478	8.632233334691273	-2.4815204610784288e-9	37.711940475216174	LOCALLY_SOLVED
4.0	1.5	0.05	0.5	0.2	0.9272262402444963	8.644729995810636	-2.4815200969779283e-9	37.59267575021844	LOCALLY_SOLVED
4.5	1.5	0.05	0.5	0.2	0.9271157092632744	8.657226641700793	-2.481519690898475e-9	37.47359857541801	LOCALLY_SOLVED
5.0	1.5	0.05	0.5	0.2	0.9270048418796772	8.669723272268957	-2.4815192420929856e-9	37.35470895104403	LOCALLY_SOLVED
3.0	2.0	0.05	0.5	0.2	0.9273364363529478	8.607233334691273	-2.481520461079276e-9	37.711940475216174	LOCALLY_SOLVED
3.5	2.0	0.05	0.5	0.2	0.9272262402444963	8.619729995810637	-2.4815200969779283e-9	37.59267575021843	LOCALLY_SOLVED
4.0	2.0	0.05	0.5	0.2	0.9271157092632742	8.632226641700793	-2.481519690898475e-9	37.47359857541801	LOCALLY_SOLVED
4.5	2.0	0.05	0.5	0.2	0.9270048418796772	8.644723272268957	-2.4815192420929856e-9	37.35470895104403	LOCALLY_SOLVED
5.0	2.0	0.05	0.5	0.2	0.9268936365547654	8.657219887421629	-2.481518749806754e-9	37.23600687732702	LOCALLY_SOLVED
3.0	1.0	0.1	0.5	0.2	0.9266702058781251	8.682213071102927	-2.481517631685147e-9	36.99916538279311	LOCALLY_SOLVED
3.5	1.0	0.1	0.5	0.2	0.9264454047323776	8.707206191982298	-2.4815163301936127e-9	36.76307409368888	LOCALLY_SOLVED
4.0	1.0	0.1	0.5	0.2	0.9262192204625275	8.732199249285593	-2.4815148387744216e-9	36.52773301190994	LOCALLY_SOLVED
4.5	1.0	0.1	0.5	0.2	0.9259916402571812	8.757192242226706	-2.4815131506352166e-9	36.29314213937536	LOCALLY_SOLVED
5.0	1.0	0.1	0.5	0.2	0.925762651146119	8.782185170007322	-2.4815112587464713e-9	36.05930147802794	LOCALLY_SOLVED
3.0	1.5	0.1	0.5	0.2	0.9264454047323776	8.657206191982297	-2.4815163301936127e-9	36.76307409368887	LOCALLY_SOLVED
3.5	1.5	0.1	0.5	0.2	0.9262192204625275	8.682199249285592	-2.4815148387744216e-9	36.52773301190994	LOCALLY_SOLVED
4.0	1.5	0.1	0.5	0.2	0.9259916402571812	8.707192242226705	-2.4815131506360637e-9	36.293142139375355	LOCALLY_SOLVED
4.5	1.5	0.1	0.5	0.2	0.925762651146119	8.732185170007323	-2.4815112587464713e-9	36.05930147802794	LOCALLY_SOLVED
5.0	1.5	0.1	0.5	0.2	0.9255322399978256	8.757178031816721	-2.4815091558279376e-9	35.82621102983463	LOCALLY_SOLVED
3.0	2.0	0.1	0.5	0.2	0.9262192204625275	8.632199249285593	-2.4815148387744216e-9	36.52773301190994	LOCALLY_SOLVED
3.5	2.0	0.1	0.5	0.2	0.9259916402571812	8.657192242226705	-2.4815131506360637e-9	36.29314213937536	LOCALLY_SOLVED
4.0	2.0	0.1	0.5	0.2	0.925762651146119	8.682185170007322	-2.4815112587464713e-9	36.05930147802794	LOCALLY_SOLVED
4.5	2.0	0.1	0.5	0.2	0.9255322399978257	8.70717803181672	-2.4815091558279376e-9	35.82621102983464	LOCALLY_SOLVED
5.0	2.0	0.1	0.5	0.2	0.925300393516972	8.732170826831519	-2.481506834338481e-9	35.5938707967869	LOCALLY_SOLVED
3.0	1.0	0.15	0.5	0.2	0.925762651146119	8.732185170007323	-2.4815112587464713e-9	36.05930147802794	LOCALLY_SOLVED
3.5	1.0	0.15	0.5	0.2	0.9254164970113957	8.769674437725408	-2.4815080228857953e-9	35.70994713629213	LOCALLY_SOLVED
4.0	1.0	0.15	0.5	0.2	0.9250670982418508	8.807163554215439	-2.48150428647354e-9	35.36228078090105	LOCALLY_SOLVED
4.5	1.0	0.15	0.5	0.2	0.9247144089759025	8.844652516621698	-2.4815000224495443e-9	35.016302418723974	LOCALLY_SOLVED
5.0	1.0	0.15	0.5	0.2	0.9243583824829187	8.88214132202071	-2.481495202284891e-9	34.67201205676018	LOCALLY_SOLVED
3.0	1.5	0.15	0.5	0.2	0.9254164970113956	8.694674437725407	-2.4815080228857953e-9	35.709947136292136	LOCALLY_SOLVED
3.5	1.5	0.15	0.5	0.2	0.9250670982418508	8.732163554215438	-2.481504286472693e-9	35.36228078090105	LOCALLY_SOLVED
4.0	1.5	0.15	0.5	0.2	0.9247144089759025	8.769652516621699	-2.4815000224486972e-9	35.016302418723974	LOCALLY_SOLVED
4.5	1.5	0.15	0.5	0.2	0.9243583824829187	8.807141322020708	-2.481495202284891e-9	34.67201205676019	LOCALLY_SOLVED
5.0	1.5	0.15	0.5	0.2	0.9239989711425165	8.844629967419293	-2.4814897958972055e-9	34.329409702142094	LOCALLY_SOLVED
3.0	2.0	0.15	0.5	0.2	0.9250670982418508	8.657163554215439	-2.481504286472693e-9	35.36228078090105	LOCALLY_SOLVED
3.5	2.0	0.15	0.5	0.2	0.9247144089759024	8.6946525166217	-2.4815000224486972e-9	35.01630241872397	LOCALLY_SOLVED
4.0	2.0	0.15	0.5	0.2	0.9243583824829188	8.73214132202071	-2.481495202285738e-9	34.67201205676018	LOCALLY_SOLVED
4.5	2.0	0.15	0.5	0.2	0.9239989711425164	8.769629967419293	-2.4814897958963584e-9	34.32940970214209	LOCALLY_SOLVED
5.0	2.0	0.15	0.5	0.2	0.9236361264232643	8.807118449752574	-2.481483771551551e-9	33.9884953621384	LOCALLY_SOLVED
3.0	1.0	0.05	1.0	0.2	0.8123386516405608	8.87599650381915	-2.482289320939907e-9	35.157698908569365	LOCALLY_SOLVED
3.5	1.0	0.05	1.0	0.2	0.812062639793175	8.888474905966353	-2.482289320940193e-9	35.04190287287674	LOCALLY_SOLVED
4.0	1.0	0.05	1.0	0.2	0.8117858127165024	8.900953212438585	-2.482289320940475e-9	34.92629466186875	LOCALLY_SOLVED
4.5	1.0	0.05	1.0	0.2	0.811508166780837	8.913431422668683	-2.4822893209407674e-9	34.810874276984784	LOCALLY_SOLVED
5.0	1.0	0.05	1.0	0.2	0.8112296983347987	8.925909536085255	-2.4822893209410507e-9	34.69564171967276	LOCALLY_SOLVED
3.0	1.5	0.05	1.0	0.2	0.812062639793175	8.863474905966353	-2.482289320940202e-9	35.04190287287675	LOCALLY_SOLVED
3.5	1.5	0.05	1.0	0.2	0.8117858127165024	8.875953212438587	-2.482289320940475e-9	34.92629466186875	LOCALLY_SOLVED
4.0	1.5	0.05	1.0	0.2	0.811508166780837	8.888431422668683	-2.4822893209407765e-9	34.8108742769848	LOCALLY_SOLVED
4.5	1.5	0.05	1.0	0.2	0.8112296983347987	8.900909536085257	-2.48228932094106e-9	34.695641719672764	LOCALLY_SOLVED
5.0	1.5	0.05	1.0	0.2	0.8109504037051717	8.91338755211266	-2.48228932094133e-9	34.580596991389164	LOCALLY_SOLVED
3.0	2.0	0.05	1.0	0.2	0.8117858127165024	8.850953212438586	-2.482289320940493e-9	34.92629466186875	LOCALLY_SOLVED
3.5	2.0	0.05	1.0	0.2	0.811508166780837	8.863431422668684	-2.4822893209407674e-9	34.810874276984784	LOCALLY_SOLVED
4.0	2.0	0.05	1.0	0.2	0.8112296983347986	8.875909536085256	-2.482289320941042e-9	34.695641719672764	LOCALLY_SOLVED
4.5	2.0	0.05	1.0	0.2	0.8109504037051718	8.888387552112658	-2.4822893209413303e-9	34.580596991389164	LOCALLY_SOLVED
5.0	2.0	0.05	1.0	0.2	0.8106702791967398	8.900865470170949	-2.4822893209415975e-9	34.46574009359921	LOCALLY_SOLVED
3.0	1.0	0.1	1.0	0.2	0.8101075256515996	8.925821010038717	-2.482289320942158e-9	34.23658979540464	LOCALLY_SOLVED
3.5	1.0	0.1	1.0	0.2	0.8095414076913054	8.950776150961623	-2.482289320942704e-9	34.00819083698631	LOCALLY_SOLVED
4.0	1.0	0.1	1.0	0.2	0.808971894945009	8.975730888141479	-2.4822893209432402e-9	33.780543230384346	LOCALLY_SOLVED
4.5	1.0	0.1	1.0	0.2	0.8083989566735597	9.000685216707547	-2.482289320943785e-9	33.55364698778394	LOCALLY_SOLVED
5.0	1.0	0.1	1.0	0.2	0.807822561763874	9.02563913171521	-2.48228932094432e-9	33.32750212151745	LOCALLY_SOLVED
3.0	1.5	0.1	1.0	0.2	0.8095414076913054	8.900776150961622	-2.4822893209427117e-9	34.0081908369863	LOCALLY_SOLVED
3.5	1.5	0.1	1.0	0.2	0.808971894945009	8.925730888141478	-2.48228932094324e-9	33.780543230384346	LOCALLY_SOLVED
4.0	1.5	0.1	1.0	0.2	0.8083989566735597	8.950685216707546	-2.482289320943777e-9	33.553646987783935	LOCALLY_SOLVED
4.5	1.5	0.1	1.0	0.2	0.807822561763874	8.975639131715209	-2.48228932094432e-9	33.32750212151745	LOCALLY_SOLVED
5.0	1.5	0.1	1.0	0.2	0.8072426787232008	9.000592628144624	-2.4822893209448388e-9	33.10210864406676	LOCALLY_SOLVED
3.0	2.0	0.1	1.0	0.2	0.808971894945009	8.87573088814148	-2.48228932094324e-9	33.780543230384346	LOCALLY_SOLVED
3.5	2.0	0.1	1.0	0.2	0.8083989566735597	8.900685216707547	-2.482289320943778e-9	33.55364698778394	LOCALLY_SOLVED
4.0	2.0	0.1	1.0	0.2	0.8078225617638739	8.925639131715208	-2.4822893209443094e-9	33.327502121517455	LOCALLY_SOLVED
4.5	2.0	0.1	1.0	0.2	0.8072426787232008	8.950592628144623	-2.482289320944838e-9	33.10210864406677	LOCALLY_SOLVED
5.0	2.0	0.1	1.0	0.2	0.8066592756732816	8.975545700899337	-2.4822893209453405e-9	32.877466568065486	LOCALLY_SOLVED
3.0	1.0	0.15	1.0	0.2	0.807822561763874	8.975639131715209	-2.48228932094432e-9	33.32750212151745	LOCALLY_SOLVED
3.5	1.0	0.15	1.0	0.2	0.806951419207009	9.013069217802878	-2.4822893209450997e-9	32.98969368008936	LOCALLY_SOLVED
4.0	1.0	0.15	1.0	0.2	0.8060723203443999	9.050498344804874	-2.4822893209458657e-9	32.65357590630127	LOCALLY_SOLVED
4.5	1.0	0.15	1.0	0.2	0.8051851552582342	9.087926495055884	-2.4822893209466218e-9	32.319148843707964	LOCALLY_SOLVED
5.0	1.0	0.15	1.0	0.2	0.804289811986883	9.125353650480806	-2.48228932094735e-9	31.986412536668407	LOCALLY_SOLVED
3.0	1.5	0.15	1.0	0.2	0.806951419207009	8.938069217802878	-2.482289320945092e-9	32.989693680089374	LOCALLY_SOLVED
3.5	1.5	0.15	1.0	0.2	0.8060723203443999	8.975498344804874	-2.4822893209458645e-9	32.65357590630127	LOCALLY_SOLVED
4.0	1.5	0.15	1.0	0.2	0.8051851552582344	9.012926495055885	-2.4822893209466143e-9	32.31914884370798	LOCALLY_SOLVED
4.5	1.5	0.15	1.0	0.2	0.804289811986883	9.050353650480806	-2.482289320947357e-9	31.986412536668407	LOCALLY_SOLVED
5.0	1.5	0.15	1.0	0.2	0.8033861764769006	9.087779792583255	-2.482289320948078e-9	31.655367030364317	LOCALLY_SOLVED
3.0	2.0	0.15	1.0	0.2	0.8060723203443999	8.900498344804875	-2.4822893209458653e-9	32.65357590630127	LOCALLY_SOLVED
3.5	2.0	0.15	1.0	0.2	0.8051851552582343	8.937926495055883	-2.4822893209466218e-9	32.319148843707964	LOCALLY_SOLVED
4.0	2.0	0.15	1.0	0.2	0.804289811986883	8.975353650480807	-2.4822893209473563e-9	31.986412536668407	LOCALLY_SOLVED
4.5	2.0	0.15	1.0	0.2	0.8033861764769005	9.012779792583256	-2.4822893209480784e-9	31.65536703036431	LOCALLY_SOLVED
5.0	2.0	0.15	1.0	0.2	0.8024741325336606	9.05020490243368	-2.4822893209487873e-9	31.326012370819456	LOCALLY_SOLVED
3.0	1.0	0.05	1.5	0.2	0.7033657160726065	9.115001687833102	-2.4822893215265606e-9	32.49277732173587	LOCALLY_SOLVED
3.5	1.0	0.05	1.5	0.2	0.7029402880240855	9.127449068233497	-2.482289321525013e-9	32.38089644078154	LOCALLY_SOLVED
4.0	1.0	0.05	1.5	0.2	0.7025136301835886	9.139896220786136	-2.4822893215245687e-9	32.269203850828404	LOCALLY_SOLVED
4.5	1.0	0.05	1.5	0.2	0.7020857371659311	9.152343144166675	-2.482289321523901e-9	32.15769955530411	LOCALLY_SOLVED
5.0	1.0	0.05	1.5	0.2	0.7016566035541146	9.16478983704107	-2.4822893215237457e-9	32.046383557656235	LOCALLY_SOLVED
3.0	1.5	0.05	1.5	0.2	0.7029402880240856	9.102449068233499	-2.4822893215251403e-9	32.38089644078155	LOCALLY_SOLVED
3.5	1.5	0.05	1.5	0.2	0.7025136301835886	9.114896220786138	-2.4822893215245704e-9	32.269203850828404	LOCALLY_SOLVED
4.0	1.5	0.05	1.5	0.2	0.7020857371659311	9.127343144166673	-2.4822893215241535e-9	32.15769955530413	LOCALLY_SOLVED
4.5	1.5	0.05	1.5	0.2	0.7016566035541146	9.13978983704107	-2.4822893215237457e-9	32.046383557656235	LOCALLY_SOLVED
5.0	1.5	0.05	1.5	0.2	0.7012262238990876	9.152236298065501	-2.4822893215226174e-9	31.93525586135245	LOCALLY_SOLVED
3.0	2.0	0.05	1.5	0.2	0.7025136301835885	9.089896220786136	-2.482289321524442e-9	32.269203850828404	LOCALLY_SOLVED
3.5	2.0	0.05	1.5	0.2	0.702085737165931	9.102343144166674	-2.4822893215241535e-9	32.157699555304106	LOCALLY_SOLVED
4.0	2.0	0.05	1.5	0.2	0.7016566035541146	9.114789837041071	-2.482289321523241e-9	32.04638355765624	LOCALLY_SOLVED
4.5	2.0	0.05	1.5	0.2	0.7012262238990877	9.127236298065501	-2.4822893215226075e-9	31.93525586135245	LOCALLY_SOLVED
5.0	2.0	0.05	1.5	0.2	0.7007945927195062	9.139682525886275	-2.4822893215221533e-9	31.8243164698806	LOCALLY_SOLVED
3.0	1.0	0.1	1.5	0.2	0.6999275536983836	9.1645742764522	-2.4822893215208307e-9	31.603002615486407	LOCALLY_SOLVED
3.5	1.0	0.1	1.5	0.2	0.6990554419848707	9.18946507770856	-2.4822893215195076e-9	31.38244202278713	LOCALLY_SOLVED
4.0	1.0	0.1	1.5	0.2	0.6981782125406553	9.214354918461428	-2.4822893215184732e-9	31.162634720429494	LOCALLY_SOLVED
4.5	1.0	0.1	1.5	0.2	0.6972958197869042	9.239243787350318	-2.482289321517279e-9	30.943580737398637	LOCALLY_SOLVED
5.0	1.0	0.1	1.5	0.2	0.6964082175960271	9.264131672845163	-2.4822893215159003e-9	30.725280103022982	LOCALLY_SOLVED
3.0	1.5	0.1	1.5	0.2	0.6990554419848705	9.139465077708559	-2.4822893215200225e-9	31.382442022787117	LOCALLY_SOLVED
3.5	1.5	0.1	1.5	0.2	0.6981782125406552	9.164354918461425	-2.4822893215183454e-9	31.162634720429487	LOCALLY_SOLVED
4.0	1.5	0.1	1.5	0.2	0.6972958197869042	9.189243787350318	-2.4822893215172655e-9	30.94358073739863	LOCALLY_SOLVED
4.5	1.5	0.1	1.5	0.2	0.6964082175960271	9.214131672845163	-2.4822893215159003e-9	30.725280103022982	LOCALLY_SOLVED
5.0	1.5	0.1	1.5	0.2	0.6955153592832873	9.239018563243254	-2.4822893215150102e-9	30.507732846979444	LOCALLY_SOLVED
3.0	2.0	0.1	1.5	0.2	0.6981782125406552	9.114354918461427	-2.4822893215183454e-9	31.162634720429487	LOCALLY_SOLVED
3.5	2.0	0.1	1.5	0.2	0.6972958197869042	9.139243787350317	-2.4822893215172655e-9	30.94358073739864	LOCALLY_SOLVED
4.0	2.0	0.1	1.5	0.2	0.6964082175960269	9.164131672845162	-2.4822893215159123e-9	30.725280103022982	LOCALLY_SOLVED
4.5	2.0	0.1	1.5	0.2	0.6955153592832873	9.189018563243254	-2.4822893215148737e-9	30.507732846979458	LOCALLY_SOLVED
5.0	2.0	0.1	1.5	0.2	0.6946171975982586	9.213904446666097	-2.4822893215137926e-9	30.290938999298703	LOCALLY_SOLVED
3.0	1.0	0.15	1.5	0.2	0.6964082175960271	9.214131672845163	-2.4822893215159003e-9	30.725280103022982	LOCALLY_SOLVED
3.5	1.0	0.15	1.5	0.2	0.6950669443377949	9.251461631575939	-2.482289321514003e-9	30.399241745202843	LOCALLY_SOLVED
4.0	1.0	0.15	1.5	0.2	0.6937136847161169	9.288789311056213	-2.4822893215120253e-9	30.07489859037038	LOCALLY_SOLVED
4.5	1.0	0.15	1.5	0.2	0.6923482758439176	9.326114670129957	-2.4822893215100914e-9	29.752250742014365	LOCALLY_SOLVED
5.0	1.0	0.15	1.5	0.2	0.6909705518354184	9.363437666701477	-2.4822893215091865e-9	29.431298305496682	LOCALLY_SOLVED
3.0	1.5	0.15	1.5	0.2	0.6950669443377951	9.17646163157594	-2.482289321513751e-9	30.39924174520285	LOCALLY_SOLVED
3.5	1.5	0.15	1.5	0.2	0.6937136847161168	9.213789311056214	-2.4822893215120253e-9	30.07489859037038	LOCALLY_SOLVED
4.0	1.5	0.15	1.5	0.2	0.6923482758439177	9.251114670129956	-2.4822893215102056e-9	29.752250742014372	LOCALLY_SOLVED
4.5	1.5	0.15	1.5	0.2	0.6909705518354184	9.288437666701478	-2.4822893215083092e-9	29.431298305496682	LOCALLY_SOLVED
5.0	1.5	0.15	1.5	0.2	0.6895803437358817	9.325758257709348	-2.4822893215067455e-9	29.11204138809515	LOCALLY_SOLVED
3.0	2.0	0.15	1.5	0.2	0.6937136847161169	9.138789311056213	-2.4822893215122876e-9	30.07489859037038	LOCALLY_SOLVED
3.5	2.0	0.15	1.5	0.2	0.6923482758439177	9.176114670129957	-2.4822893215100914e-9	29.752250742014365	LOCALLY_SOLVED
4.0	2.0	0.15	1.5	0.2	0.6909705518354184	9.213437666701479	-2.482289321508308e-9	29.431298305496686	LOCALLY_SOLVED
4.5	2.0	0.15	1.5	0.2	0.6895803437358816	9.250758257709347	-2.4822893215078737e-9	29.112041388095143	LOCALLY_SOLVED
5.0	2.0	0.15	1.5	0.2	0.688177479449347	9.288076399099467	-2.482289321504562e-9	28.79448009904756	LOCALLY_SOLVED
3.0	1.0	0.05	2.0	0.2	0.6000000000778415	9.350000000012974	-2.482289321326261e-9	29.952000000000005	LOCALLY_SOLVED
3.5	1.0	0.05	2.0	0.2	0.5994395055155448	9.362406518803827	-2.4822893213258725e-9	29.84409445061454	LOCALLY_SOLVED
4.0	1.0	0.05	2.0	0.2	0.5988774202455177	9.374812640835646	-2.4822893213254713e-9	29.736377806420066	LOCALLY_SOLVED
4.5	1.0	0.05	2.0	0.2	0.5983137373855115	9.387218363838919	-2.4822893213250904e-9	29.628850073385	LOCALLY_SOLVED
5.0	1.0	0.05	2.0	0.2	0.5977484500128023	9.399623685527686	-2.482289321324792e-9	29.521511257511865	LOCALLY_SOLVED
3.0	1.5	0.05	2.0	0.2	0.5994395055155449	9.337406518803826	-2.4822893213258824e-9	29.844094450614545	LOCALLY_SOLVED
3.5	1.5	0.05	2.0	0.2	0.5988774202455176	9.349812640835648	-2.4822893213254833e-9	29.736377806420066	LOCALLY_SOLVED
4.0	1.5	0.05	2.0	0.2	0.5983137373855113	9.362218363838917	-2.48228932132508e-9	29.62885007338501	LOCALLY_SOLVED
4.5	1.5	0.05	2.0	0.2	0.5977484500128024	9.374623685527686	-2.482289321324792e-9	29.521511257511875	LOCALLY_SOLVED
5.0	1.5	0.05	2.0	0.2	0.5971815511638856	9.38702860359943	-2.482289321324425e-9	29.414361364837642	LOCALLY_SOLVED
3.0	2.0	0.05	2.0	0.2	0.5988774202455176	9.324812640835647	-2.4822893213254837e-9	29.736377806420066	LOCALLY_SOLVED
3.5	2.0	0.05	2.0	0.2	0.5983137373855115	9.337218363838918	-2.4822893213250916e-9	29.628850073385	LOCALLY_SOLVED
4.0	2.0	0.05	2.0	0.2	0.5977484500128024	9.349623685527687	-2.4822893213247823e-9	29.521511257511868	LOCALLY_SOLVED
4.5	2.0	0.05	2.0	0.2	0.5971815511638857	9.362028603599429	-2.4822893213245502e-9	29.41436136483764	LOCALLY_SOLVED
5.0	2.0	0.05	2.0	0.2	0.5966130338341704	9.374433115734902	-2.4822893213242343e-9	29.307400401433963	LOCALLY_SOLVED
3.0	1.0	0.1	2.0	0.2	0.5954711155066799	9.39924091283554	-2.4822893213234116e-9	29.094045286899544	LOCALLY_SOLVED
3.5	1.0	0.1	2.0	0.2	0.5943226381600125	9.42404705793553	-2.482289321322864e-9	28.881445963184532	LOCALLY_SOLVED
4.0	1.0	0.1	2.0	0.2	0.5931675442463311	9.448851531863632	-2.4822893213222006e-9	28.669602480135822	LOCALLY_SOLVED
4.5	1.0	0.1	2.0	0.2	0.5920057755299445	9.473654315166476	-2.482289321321351e-9	28.45851488817967	LOCALLY_SOLVED
5.0	1.0	0.1	2.0	0.2	0.5908372730767815	9.49845538810349	-2.4822893213206067e-9	28.248183238330206	LOCALLY_SOLVED
3.0	1.5	0.1	2.0	0.2	0.5943226381600126	9.374047057935531	-2.4822893213227383e-9	28.881445963184525	LOCALLY_SOLVED
3.5	1.5	0.1	2.0	0.2	0.5931675442463311	9.398851531863633	-2.482289321321959e-9	28.669602480135822	LOCALLY_SOLVED
4.0	1.5	0.1	2.0	0.2	0.5920057755299444	9.423654315166475	-2.482289321321475e-9	28.458514888179664	LOCALLY_SOLVED
4.5	1.5	0.1	2.0	0.2	0.5908372730767815	9.44845538810349	-2.4822893213206075e-9	28.248183238330206	LOCALLY_SOLVED
5.0	1.5	0.1	2.0	0.2	0.5896619772436635	9.473254730641754	-2.482289321319905e-9	28.03860758219816	LOCALLY_SOLVED
3.0	2.0	0.1	2.0	0.2	0.5931675442463311	9.348851531863634	-2.482289321321959e-9	28.669602480135822	LOCALLY_SOLVED
3.5	2.0	0.1	2.0	0.2	0.5920057755299444	9.373654315166474	-2.482289321321475e-9	28.45851488817967	LOCALLY_SOLVED
4.0	2.0	0.1	2.0	0.2	0.5908372730767814	9.398455388103491	-2.482289321320745e-9	28.248183238330206	LOCALLY_SOLVED
4.5	2.0	0.1	2.0	0.2	0.5896619772436634	9.423254730641755	-2.482289321320031e-9	28.038607582198168	LOCALLY_SOLVED
5.0	2.0	0.1	2.0	0.2	0.5884798276673768	9.448052322450692	-2.4822893213193928e-9	27.829787971999707	LOCALLY_SOLVED
3.0	1.0	0.15	2.0	0.2	0.5908372730767815	9.44845538810349	-2.4822893213206075e-9	28.248183238330206	LOCALLY_SOLVED
3.5	1.0	0.15	2.0	0.2	0.5890717629745466	9.485653746669822	-2.4822893213196e-9	27.934103268069826	LOCALLY_SOLVED
4.0	1.0	0.15	2.0	0.2	0.587290763253535	9.522848142896699	-2.4822893213187604e-9	27.621724460565474	LOCALLY_SOLVED
4.5	1.0	0.15	2.0	0.2	0.5854940658382504	9.560038506363478	-2.4822893213177285e-9	27.311046995700956	LOCALLY_SOLVED
5.0	1.0	0.15	2.0	0.2	0.5836814588354011	9.59722476505887	-2.482289321316435e-9	27.002071056564745	LOCALLY_SOLVED
3.0	1.5	0.15	2.0	0.2	0.5890717629745467	9.410653746669823	-2.4822893213196016e-9	27.934103268069833	LOCALLY_SOLVED
3.5	1.5	0.15	2.0	0.2	0.587290763253535	9.447848142896698	-2.4822893213186347e-9	27.62172446056547	LOCALLY_SOLVED
4.0	1.5	0.15	2.0	0.2	0.5854940658382504	9.485038506363477	-2.482289321317489e-9	27.31104699570096	LOCALLY_SOLVED
4.5	1.5	0.15	2.0	0.2	0.5836814588354011	9.52222476505887	-2.482289321316685e-9	27.002071056564745	LOCALLY_SOLVED
5.0	1.5	0.15	2.0	0.2	0.5818527264439531	9.559406845337008	-2.4822893213154765e-9	26.69479682952234	LOCALLY_SOLVED
3.0	2.0	0.15	2.0	0.2	0.5872907632535351	9.372848142896698	-2.4822893213187496e-9	27.621724460565474	LOCALLY_SOLVED
3.5	2.0	0.15	2.0	0.2	0.5854940658382504	9.410038506363477	-2.482289321317603e-9	27.311046995700956	LOCALLY_SOLVED
4.0	2.0	0.15	2.0	0.2	0.5836814588354009	9.44722476505887	-2.4822893213165725e-9	27.002071056564745	LOCALLY_SOLVED
4.5	2.0	0.15	2.0	0.2	0.5818527264439532	9.48440684533701	-2.482289321315475e-9	26.694796829522335	LOCALLY_SOLVED
5.0	2.0	0.15	2.0	0.2	0.5800076488625642	9.521584671872093	-2.482289321314432e-9	26.389224504290958	LOCALLY_SOLVED
3.0	1.0	0.05	0.5	0.3	0.951117189234669	8.632835514752434	-2.4799591803547185e-9	38.045054799049296	LOCALLY_SOLVED
3.5	1.0	0.05	0.5	0.3	0.9510423930682771	8.645333990150734	-2.479972171205857e-9	37.92540602775378	LOCALLY_SOLVED
4.0	1.0	0.05	0.5	0.3	0.9509673676159551	8.657832458533646	-2.4799852636823142e-9	37.80594477937986	LOCALLY_SOLVED
4.5	1.0	0.05	0.5	0.3	0.9508921118215188	8.670330919858054	-2.4799984584532466e-9	37.68667105403307	LOCALLY_SOLVED
5.0	1.0	0.05	0.5	0.3	0.9508166246222843	8.682829374080512	-2.480011756193739e-9	37.56758485181962	LOCALLY_SOLVED
3.0	1.5	0.05	0.5	0.3	0.9510423930682771	8.620333990150735	-2.479972171205857e-9	37.92540602775379	LOCALLY_SOLVED
3.5	1.5	0.05	0.5	0.3	0.9509673676159551	8.632832458533645	-2.4799852636823142e-9	37.80594477937986	LOCALLY_SOLVED
4.0	1.5	0.05	0.5	0.3	0.9508921118215189	8.645330919858052	-2.4799984584532466e-9	37.686671054033084	LOCALLY_SOLVED
4.5	1.5	0.05	0.5	0.3	0.9508166246222843	8.657829374080512	-2.480011756193739e-9	37.56758485181962	LOCALLY_SOLVED
5.0	1.5	0.05	0.5	0.3	0.9507409049490196	8.670327821157242	-2.48002515757803e-9	37.44868617284639	LOCALLY_SOLVED
3.0	2.0	0.05	0.5	0.3	0.9509673676159552	8.607832458533645	-2.4799852636823142e-9	37.80594477937986	LOCALLY_SOLVED
3.5	2.0	0.05	0.5	0.3	0.9508921118215189	8.620330919858054	-2.4799984584532466e-9	37.68667105403308	LOCALLY_SOLVED
4.0	2.0	0.05	0.5	0.3	0.9508166246222843	8.632829374080513	-2.480011756193739e-9	37.56758485181962	LOCALLY_SOLVED
4.5	2.0	0.05	0.5	0.3	0.9507409049490196	8.645327821157242	-2.480025157578877e-9	37.44868617284639	LOCALLY_SOLVED
5.0	2.0	0.05	0.5	0.3	0.9506649517258926	8.657826261044125	-2.480038663287134e-9	37.32997501722087	LOCALLY_SOLVED
3.0	1.0	0.1	0.5	0.3	0.9505123402934191	8.68282311907016	-2.4800659903911334e-9	37.093115276446355	LOCALLY_SOLVED
3.5	1.0	0.1	0.5	0.3	0.950358781584266	8.707819947798793	-2.4800937429724876e-9	36.85700563036962	LOCALLY_SOLVED
4.0	1.0	0.1	0.5	0.3	0.950204266748928	8.73281674686458	-2.480121926520817e-9	36.62164607987505	LOCALLY_SOLVED
4.5	1.0	0.1	0.5	0.3	0.9500487868272892	8.757813515896371	-2.480150546554542e-9	36.38703662585808	LOCALLY_SOLVED
5.0	1.0	0.1	0.5	0.3	0.9498923327468899	8.782810254517178	-2.480179608614951e-9	36.15317726922539	LOCALLY_SOLVED
3.0	1.5	0.1	0.5	0.3	0.950358781584266	8.657819947798792	-2.4800937429724876e-9	36.85700563036961	LOCALLY_SOLVED
3.5	1.5	0.1	0.5	0.3	0.950204266748928	8.682816746864582	-2.480121926521664e-9	36.62164607987505	LOCALLY_SOLVED
4.0	1.5	0.1	0.5	0.3	0.9500487868272892	8.70781351589637	-2.480150546554542e-9	36.38703662585807	LOCALLY_SOLVED
4.5	1.5	0.1	0.5	0.3	0.9498923327468899	8.732810254517178	-2.480179608614104e-9	36.15317726922538	LOCALLY_SOLVED
5.0	1.5	0.1	0.5	0.3	0.9497348953211592	8.757806962344091	-2.48020911825604e-9	35.920068010894994	LOCALLY_SOLVED
3.0	2.0	0.1	0.5	0.3	0.950204266748928	8.632816746864583	-2.480121926521664e-9	36.62164607987505	LOCALLY_SOLVED
3.5	2.0	0.1	0.5	0.3	0.9500487868272892	8.65781351589637	-2.480150546556236e-9	36.38703662585808	LOCALLY_SOLVED
4.0	2.0	0.1	0.5	0.3	0.9498923327468899	8.682810254517177	-2.480179608614951e-9	36.15317726922538	LOCALLY_SOLVED
4.5	2.0	0.1	0.5	0.3	0.9497348953211592	8.70780696234409	-2.480209118256887e-9	35.920068010894994	LOCALLY_SOLVED
5.0	2.0	0.1	0.5	0.3	0.9495764652476145	8.732803638988141	-2.4802390810538266e-9	35.687708851796565	LOCALLY_SOLVED
3.0	1.0	0.15	0.5	0.3	0.9498923327468899	8.732810254517178	-2.480179608614104e-9	36.15317726922538	LOCALLY_SOLVED
3.5	1.0	0.15	0.5	0.3	0.9496558049513465	8.770305304588522	-2.4802240426623215e-9	35.80379466888323	LOCALLY_SOLVED
4.0	1.0	0.15	0.5	0.3	0.9494170331060264	8.80780028405421	-2.4802695025902578e-9	35.45609979287149	LOCALLY_SOLVED
4.5	1.0	0.15	0.5	0.3	0.9491759851144773	8.845295191564775	-2.4803160072486312e-9	35.11009264439767	LOCALLY_SOLVED
5.0	1.0	0.15	0.5	0.3	0.9489326282650056	8.88279002573835	-2.480363575492395e-9	34.7657732267307	LOCALLY_SOLVED
3.0	1.5	0.15	0.5	0.3	0.9496558049513466	8.695305304588523	-2.4802240426623215e-9	35.803794668883235	LOCALLY_SOLVED
3.5	1.5	0.15	0.5	0.3	0.9494170331060264	8.73280028405421	-2.4802695025894107e-9	35.45609979287149	LOCALLY_SOLVED
4.0	1.5	0.15	0.5	0.3	0.9491759851144772	8.770295191564776	-2.4803160072486312e-9	35.110092644397675	LOCALLY_SOLVED
4.5	1.5	0.15	0.5	0.3	0.9489326282650055	8.80779002573835	-2.480363575492395e-9	34.76577322673071	LOCALLY_SOLVED
5.0	1.5	0.15	0.5	0.3	0.948686929215859	8.845284785159729	-2.4804122261333044e-9	34.423141543202476	LOCALLY_SOLVED
3.0	2.0	0.15	0.5	0.3	0.9494170331060264	8.65780028405421	-2.4802695025894107e-9	35.45609979287149	LOCALLY_SOLVED
3.5	2.0	0.15	0.5	0.3	0.9491759851144773	8.695295191564776	-2.4803160072486312e-9	35.11009264439767	LOCALLY_SOLVED
4.0	2.0	0.15	0.5	0.3	0.9489326282650055	8.732790025738352	-2.480363575492395e-9	34.7657732267307	LOCALLY_SOLVED
4.5	2.0	0.15	0.5	0.3	0.948686929215859	8.77028478515973	-2.4804122261333044e-9	34.423141543202476	LOCALLY_SOLVED
5.0	2.0	0.15	0.5	0.3	0.9484388539799767	8.807779468379396	-2.4804619778958693e-9	34.08219759720934	LOCALLY_SOLVED
3.0	1.0	0.05	1.0	0.3	0.8338788458747549	8.87758411711502	-2.482289320923339e-9	35.24078923851727	LOCALLY_SOLVED
3.5	1.0	0.05	1.0	0.3	0.8336317464999449	8.890067000880695	-2.4822893209237874e-9	35.12496935503677	LOCALLY_SOLVED
4.0	1.0	0.05	1.0	0.3	0.8333839094067822	8.902549807990717	-2.4822893209242085e-9	35.00933722887414	LOCALLY_SOLVED
4.5	1.0	0.05	1.0	0.3	0.8331353312775072	8.915032537985862	-2.4822893209246374e-9	34.89389286118263	LOCALLY_SOLVED
5.0	1.0	0.05	1.0	0.3	0.8328860087743677	8.927515190403467	-2.4822893209250745e-9	34.77863625312244	LOCALLY_SOLVED
3.0	1.5	0.05	1.0	0.3	0.8336317464999448	8.865067000880696	-2.482289320923776e-9	35.124969355036775	LOCALLY_SOLVED
3.5	1.5	0.05	1.0	0.3	0.8333839094067821	8.877549807990716	-2.4822893209242085e-9	35.00933722887414	LOCALLY_SOLVED
4.0	1.5	0.05	1.0	0.3	0.8331353312775072	8.890032537985862	-2.482289320924627e-9	34.893892861182636	LOCALLY_SOLVED
4.5	1.5	0.05	1.0	0.3	0.8328860087743678	8.902515190403467	-2.4822893209250745e-9	34.77863625312245	LOCALLY_SOLVED
5.0	1.5	0.05	1.0	0.3	0.8326359385394667	8.914997764777384	-2.482289320925498e-9	34.66356740586074	LOCALLY_SOLVED
3.0	2.0	0.05	1.0	0.3	0.833383909406782	8.852549807990716	-2.4822893209242085e-9	35.00933722887414	LOCALLY_SOLVED
3.5	2.0	0.05	1.0	0.3	0.8331353312775073	8.865032537985861	-2.482289320924649e-9	34.89389286118263	LOCALLY_SOLVED
4.0	2.0	0.05	1.0	0.3	0.8328860087743679	8.877515190403468	-2.4822893209250634e-9	34.77863625312245	LOCALLY_SOLVED
4.5	2.0	0.05	1.0	0.3	0.8326359385394667	8.889997764777382	-2.4822893209254976e-9	34.66356740586074	LOCALLY_SOLVED
5.0	2.0	0.05	1.0	0.3	0.8323851171946095	8.902480260637944	-2.4822893209259373e-9	34.548686320571676	LOCALLY_SOLVED
3.0	1.0	0.1	1.0	0.3	0.831881207559836	8.927445014922595	-2.482289320926785e-9	34.319487440643634	LOCALLY_SOLVED
3.5	1.0	0.1	1.0	0.3	0.831374252432649	8.952409449428616	-2.4822893209276247e-9	34.091039622874085	LOCALLY_SOLVED
4.0	1.0	0.1	1.0	0.3	0.8308642240408741	8.977373560268898	-2.4822893209284635e-9	33.863342876914544	LOCALLY_SOLVED
4.5	1.0	0.1	1.0	0.3	0.8303510942724173	9.002337343496965	-2.4822893209292952e-9	33.636397212534035	LOCALLY_SOLVED
5.0	1.0	0.1	1.0	0.3	0.829834834670025	9.02730079510588	-2.482289320930114e-9	33.41020263962088	LOCALLY_SOLVED
3.0	1.5	0.1	1.0	0.3	0.8313742524326488	8.902409449428616	-2.4822893209276247e-9	34.09103962287408	LOCALLY_SOLVED
3.5	1.5	0.1	1.0	0.3	0.8308642240408741	8.927373560268897	-2.482289320928441e-9	33.863342876914544	LOCALLY_SOLVED
4.0	1.5	0.1	1.0	0.3	0.8303510942724173	8.952337343496966	-2.482289320929284e-9	33.63639721253403	LOCALLY_SOLVED
4.5	1.5	0.1	1.0	0.3	0.829834834670025	8.97730079510588	-2.482289320930114e-9	33.41020263962088	LOCALLY_SOLVED
5.0	1.5	0.1	1.0	0.3	0.8293154164259492	9.002263911027116	-2.482289320930941e-9	33.18475916818453	LOCALLY_SOLVED
3.0	2.0	0.1	1.0	0.3	0.8308642240408741	8.877373560268898	-2.482289320928441e-9	33.863342876914544	LOCALLY_SOLVED
3.5	2.0	0.1	1.0	0.3	0.8303510942724173	8.902337343496965	-2.482289320929284e-9	33.636397212534035	LOCALLY_SOLVED
4.0	2.0	0.1	1.0	0.3	0.829834834670025	8.927300795105879	-2.4822893209301253e-9	33.410202639620884	LOCALLY_SOLVED
4.5	2.0	0.1	1.0	0.3	0.8293154164259492	8.952263911027115	-2.48228932093094e-9	33.184759168184534	LOCALLY_SOLVED
5.0	2.0	0.1	1.0	0.3	0.8287928103765093	8.977226687129422	-2.482289320931747e-9	32.96006680835741	LOCALLY_SOLVED
3.0	1.0	0.15	1.0	0.3	0.829834834670025	8.97730079510588	-2.482289320930114e-9	33.41020263962088	LOCALLY_SOLVED
3.5	1.0	0.15	1.0	0.3	0.8290545137136841	9.014745341816319	-2.4822893209313508e-9	33.072319098681675	LOCALLY_SOLVED
4.0	1.0	0.15	1.0	0.3	0.8282669869965553	9.052189119217658	-2.4822893209325493e-9	32.73612557039687	LOCALLY_SOLVED
4.5	1.0	0.15	1.0	0.3	0.8274721539407902	9.089632112986285	-2.4822893209337455e-9	32.40162208970641	LOCALLY_SOLVED
5.0	1.0	0.15	1.0	0.3	0.8266699120808105	9.127074308462902	-2.4822893209349027e-9	32.0688086922023	LOCALLY_SOLVED
3.0	1.5	0.15	1.0	0.3	0.8290545137136841	8.93974534181632	-2.482289320931352e-9	33.07231909868169	LOCALLY_SOLVED
3.5	1.5	0.15	1.0	0.3	0.8282669869965553	8.977189119217657	-2.4822893209325498e-9	32.73612557039687	LOCALLY_SOLVED
4.0	1.5	0.15	1.0	0.3	0.8274721539407902	9.014632112986286	-2.482289320933745e-9	32.401622089706414	LOCALLY_SOLVED
4.5	1.5	0.15	1.0	0.3	0.8266699120808105	9.0520743084629	-2.4822893209349205e-9	32.0688086922023	LOCALLY_SOLVED
5.0	1.5	0.15	1.0	0.3	0.8258601570186097	9.089515690643005	-2.4822893209360876e-9	31.737685414144007	LOCALLY_SOLVED
3.0	2.0	0.15	1.0	0.3	0.8282669869965553	8.902189119217658	-2.482289320932549e-9	32.73612557039687	LOCALLY_SOLVED
3.5	2.0	0.15	1.0	0.3	0.8274721539407902	8.939632112986285	-2.4822893209337545e-9	32.40162208970641	LOCALLY_SOLVED
4.0	2.0	0.15	1.0	0.3	0.8266699120808105	8.977074308462901	-2.4822893209349114e-9	32.0688086922023	LOCALLY_SOLVED
4.5	2.0	0.15	1.0	0.3	0.8258601570186097	9.014515690643004	-2.4822893209360777e-9	31.737685414144	LOCALLY_SOLVED
5.0	2.0	0.15	1.0	0.3	0.8250427823777701	9.051956244167059	-2.4822893209372308e-9	31.40825229247407	LOCALLY_SOLVED
3.0	1.0	0.05	1.5	0.3	0.723099061056483	9.117359556252543	-2.48228932158714e-9	32.56615413314957	LOCALLY_SOLVED
3.5	1.0	0.05	1.5	0.3	0.7226976549380899	9.129813210296492	-2.4822893215864195e-9	32.454237837147886	LOCALLY_SOLVED
4.0	1.0	0.05	1.5	0.3	0.7222950768281118	9.142266661592938	-2.4822893215858512e-9	32.3425097378547	LOCALLY_SOLVED
4.5	1.0	0.05	1.5	0.3	0.7218913215480348	9.154719908952023	-2.48228932158665e-9	32.230969838320085	LOCALLY_SOLVED
5.0	1.0	0.05	1.5	0.3	0.7214863838885118	9.167172951175106	-2.482289321584263e-9	32.11961814161211	LOCALLY_SOLVED
3.0	1.5	0.05	1.5	0.3	0.7226976549380899	9.104813210296493	-2.4822893215867988e-9	32.45423783714789	LOCALLY_SOLVED
3.5	1.5	0.05	1.5	0.3	0.7222950768281118	9.117266661592938	-2.4822893215858504e-9	32.342509737854705	LOCALLY_SOLVED
4.0	1.5	0.05	1.5	0.3	0.7218913215480348	9.129719908952021	-2.4822893215867884e-9	32.23096983832009	LOCALLY_SOLVED
4.5	1.5	0.05	1.5	0.3	0.7214863838885117	9.142172951175105	-2.482289321584781e-9	32.119618141612115	LOCALLY_SOLVED
5.0	1.5	0.05	1.5	0.3	0.7210802586091295	9.154625787054679	-2.4822893215838718e-9	32.00845465081684	LOCALLY_SOLVED
3.0	2.0	0.05	1.5	0.3	0.7222950768281118	9.092266661592937	-2.4822893215858504e-9	32.342509737854705	LOCALLY_SOLVED
3.5	2.0	0.05	1.5	0.3	0.7218913215480346	9.104719908952022	-2.482289321585521e-9	32.23096983832008	LOCALLY_SOLVED
4.0	2.0	0.05	1.5	0.3	0.7214863838885118	9.117172951175107	-2.4822893215845286e-9	32.119618141612115	LOCALLY_SOLVED
4.5	2.0	0.05	1.5	0.3	0.7210802586091295	9.129625787054676	-2.4822893215838718e-9	32.00845465081683	LOCALLY_SOLVED
5.0	2.0	0.05	1.5	0.3	0.7206729404381741	9.14207841537428	-2.4822893215828978e-9	31.89747936903854	LOCALLY_SOLVED
3.0	1.0	0.1	1.5	0.3	0.719854704176766	9.166983044422524	-2.482289321581179e-9	31.67609344504169	LOCALLY_SOLVED
3.5	1.0	0.1	1.5	0.3	0.7190316322955255	9.191886828406142	-2.4822893215815002e-9	31.455460394824375	LOCALLY_SOLVED
4.0	1.0	0.1	1.5	0.3	0.7182036814695147	9.216789757263056	-2.4822893215781977e-9	31.235580243889114	LOCALLY_SOLVED
4.5	1.0	0.1	1.5	0.3	0.7173708078497314	9.241691820780103	-2.4822893215771753e-9	31.016453018042522	LOCALLY_SOLVED
5.0	1.0	0.1	1.5	0.3	0.7165329670550704	9.266593008590291	-2.4822893215753113e-9	30.798078743399916	LOCALLY_SOLVED
3.0	1.5	0.1	1.5	0.3	0.7190316322955255	9.141886828406143	-2.4822893215797396e-9	31.455460394824367	LOCALLY_SOLVED
3.5	1.5	0.1	1.5	0.3	0.7182036814695147	9.166789757263055	-2.482289321578576e-9	31.235580243889114	LOCALLY_SOLVED
4.0	1.5	0.1	1.5	0.3	0.7173708078497315	9.191691820780102	-2.48228932157705e-9	31.016453018042515	LOCALLY_SOLVED
4.5	1.5	0.1	1.5	0.3	0.7165329670550704	9.21659300859029	-2.4822893215753005e-9	30.798078743399916	LOCALLY_SOLVED
5.0	1.5	0.1	1.5	0.3	0.7156901141641379	9.241493310170002	-2.4822893215741094e-9	30.580457446389946	LOCALLY_SOLVED
3.0	2.0	0.1	1.5	0.3	0.7182036814695147	9.116789757263057	-2.482289321578576e-9	31.235580243889114	LOCALLY_SOLVED
3.5	2.0	0.1	1.5	0.3	0.7173708078497315	9.141691820780101	-2.48228932157705e-9	31.01645301804252	LOCALLY_SOLVED
4.0	2.0	0.1	1.5	0.3	0.7165329670550704	9.166593008590292	-2.4822893215754366e-9	30.798078743399916	LOCALLY_SOLVED
4.5	2.0	0.1	1.5	0.3	0.7156901141641379	9.191493310170001	-2.482289321574726e-9	30.58045744638995	LOCALLY_SOLVED
5.0	2.0	0.1	1.5	0.3	0.71484220370691	9.216392714836099	-2.482289321572702e-9	30.363589153759403	LOCALLY_SOLVED
3.0	1.0	0.15	1.5	0.3	0.7165329670550704	9.21659300859029	-2.4822893215753005e-9	30.798078743399916	LOCALLY_SOLVED
3.5	1.0	0.15	1.5	0.3	0.7152667939948493	9.253943125291256	-2.4822893215729828e-9	30.471929172843005	LOCALLY_SOLVED
4.0	1.0	0.15	1.5	0.3	0.7139891896562354	9.29129121174302	-2.4822893215709926e-9	30.147473892577906	LOCALLY_SOLVED
4.5	1.0	0.15	1.5	0.3	0.7126999972635868	9.32863723092243	-2.4822893215685243e-9	29.824712994795703	LOCALLY_SOLVED
5.0	1.0	0.15	1.5	0.3	0.7113990571321359	9.365981144953286	-2.482289321567755e-9	29.503646573372578	LOCALLY_SOLVED
3.0	1.5	0.15	1.5	0.3	0.7152667939948493	9.178943125291255	-2.4822893215734873e-9	30.47192917284301	LOCALLY_SOLVED
3.5	1.5	0.15	1.5	0.3	0.7139891896562354	9.216291211743021	-2.4822893215709913e-9	30.147473892577906	LOCALLY_SOLVED
4.0	1.5	0.15	1.5	0.3	0.7126999972635869	9.253637230922429	-2.4822893215690276e-9	29.824712994795707	LOCALLY_SOLVED
4.5	1.5	0.15	1.5	0.3	0.7113990571321358	9.290981144953287	-2.4822893215664886e-9	29.503646573372578	LOCALLY_SOLVED
5.0	1.5	0.15	1.5	0.3	0.710086206599388	9.328322915082515	-2.4822893215642494e-9	29.184274723908878	LOCALLY_SOLVED
3.0	2.0	0.15	1.5	0.3	0.7139891896562353	9.141291211743022	-2.4822893215708656e-9	30.14747389257791	LOCALLY_SOLVED
3.5	2.0	0.15	1.5	0.3	0.7126999972635869	9.17863723092243	-2.482289321569027e-9	29.824712994795703	LOCALLY_SOLVED
4.0	2.0	0.15	1.5	0.3	0.7113990571321358	9.215981144953288	-2.482289321567754e-9	29.50364657337258	LOCALLY_SOLVED
4.5	2.0	0.15	1.5	0.3	0.710086206599388	9.253322915082514	-2.482289321564386e-9	29.18427472390887	LOCALLY_SOLVED
5.0	2.0	0.15	1.5	0.3	0.7087612799545506	9.290662501655477	-2.4822893215617617e-9	28.866597543768957	LOCALLY_SOLVED
3.0	1.0	0.05	2.0	0.3	0.6181040714196763	9.352949062444535	-2.4822893213540115e-9	30.016724283675764	LOCALLY_SOLVED
3.5	1.0	0.05	2.0	0.3	0.6175634211778518	9.365362971495584	-2.4822893213536997e-9	29.908774442961526	LOCALLY_SOLVED
4.0	1.0	0.05	2.0	0.3	0.6170212220518607	9.377776511591946	-2.4822893213533853e-9	29.80101339637605	LOCALLY_SOLVED
4.5	1.0	0.05	2.0	0.3	0.6164774672847392	9.390189680604099	-2.4822893213530214e-9	29.69344114946958	LOCALLY_SOLVED
5.0	1.0	0.05	2.0	0.3	0.6159321500795065	9.402602476386967	-2.482289321352441e-9	29.586057707824445	LOCALLY_SOLVED
3.0	1.5	0.05	2.0	0.3	0.6175634211778519	9.340362971495585	-2.4822893213536993e-9	29.908774442961533	LOCALLY_SOLVED
3.5	1.5	0.05	2.0	0.3	0.6170212220518606	9.352776511591948	-2.4822893213532695e-9	29.80101339637605	LOCALLY_SOLVED
4.0	1.5	0.05	2.0	0.3	0.6164774672847391	9.365189680604098	-2.4822893213529072e-9	29.693441149469585	LOCALLY_SOLVED
4.5	1.5	0.05	2.0	0.3	0.6159321500795065	9.377602476386969	-2.482289321352441e-9	29.58605770782445	LOCALLY_SOLVED
5.0	1.5	0.05	2.0	0.3	0.6153852635988645	9.390014896779808	-2.482289321352201e-9	29.478863077055298	LOCALLY_SOLVED
3.0	2.0	0.05	2.0	0.3	0.6170212220518606	9.327776511591946	-2.4822893213532695e-9	29.801013396376046	LOCALLY_SOLVED
3.5	2.0	0.05	2.0	0.3	0.616477467284739	9.340189680604098	-2.4822893213530214e-9	29.693441149469578	LOCALLY_SOLVED
4.0	2.0	0.05	2.0	0.3	0.6159321500795066	9.352602476386968	-2.482289321352702e-9	29.58605770782445	LOCALLY_SOLVED
4.5	2.0	0.05	2.0	0.3	0.6153852635988644	9.365014896779808	-2.482289321352201e-9	29.4788630770553	LOCALLY_SOLVED
5.0	2.0	0.05	2.0	0.3	0.6148368009648899	9.37742693960605	-2.4822893213519336e-9	29.371857262809264	LOCALLY_SOLVED
3.0	1.0	0.1	2.0	0.3	0.6137351195202844	9.402249883772498	-2.4822893213510345e-9	29.15841210663929	LOCALLY_SOLVED
3.5	1.0	0.1	2.0	0.3	0.61262704989806	9.427071291151943	-2.4822893213501267e-9	28.945722285151472	LOCALLY_SOLVED
4.0	1.0	0.1	2.0	0.3	0.6115125355805981	9.451891143747705	-2.4822893213497267e-9	28.733787844718698	LOCALLY_SOLVED
4.5	1.0	0.1	2.0	0.3	0.6103915193700152	9.476709423296084	-2.482289321348806e-9	28.522608832257767	LOCALLY_SOLVED
5.0	1.0	0.1	2.0	0.3	0.6092639433776944	9.50152611126151	-2.482289321348183e-9	28.312185295237434	LOCALLY_SOLVED
3.0	1.5	0.1	2.0	0.3	0.6126270498980603	9.377071291151942	-2.4822893213502495e-9	28.945722285151465	LOCALLY_SOLVED
3.5	1.5	0.1	2.0	0.3	0.6115125355805981	9.401891143747704	-2.482289321349601e-9	28.733787844718698	LOCALLY_SOLVED
4.0	1.5	0.1	2.0	0.3	0.6103915193700152	9.426709423296083	-2.4822893213489426e-9	28.52260883225776	LOCALLY_SOLVED
4.5	1.5	0.1	2.0	0.3	0.6092639433776944	9.45152611126151	-2.4822893213480562e-9	28.312185295237434	LOCALLY_SOLVED
5.0	1.5	0.1	2.0	0.3	0.6081297490136183	9.47634118883164	-2.4822893213473585e-9	28.102517281686694	LOCALLY_SOLVED
3.0	2.0	0.1	2.0	0.3	0.6115125355805981	9.351891143747705	-2.482289321349601e-9	28.733787844718698	LOCALLY_SOLVED
3.5	2.0	0.1	2.0	0.3	0.6103915193700152	9.376709423296083	-2.482289321348931e-9	28.522608832257767	LOCALLY_SOLVED
4.0	2.0	0.1	2.0	0.3	0.6092639433776944	9.401526111261509	-2.4822893213480583e-9	28.312185295237434	LOCALLY_SOLVED
4.5	2.0	0.1	2.0	0.3	0.6081297490136184	9.426341188831639	-2.4822893213473585e-9	28.1025172816867	LOCALLY_SOLVED
5.0	2.0	0.1	2.0	0.3	0.6069888769754985	9.451154636912296	-2.482289321346692e-9	27.89360484020312	LOCALLY_SOLVED
3.0	1.0	0.15	2.0	0.3	0.6092639433776944	9.45152611126151	-2.4822893213480562e-9	28.312185295237434	LOCALLY_SOLVED
3.5	1.0	0.15	2.0	0.3	0.6075601514383312	9.488748117762686	-2.4822893213469184e-9	27.997966611376732	LOCALLY_SOLVED
4.0	1.0	0.15	2.0	0.3	0.6058412672377003	9.525966436122337	-2.482289321345862e-9	27.68544801996137	LOCALLY_SOLVED
4.5	1.0	0.15	2.0	0.3	0.6041070863273085	9.56318100018828	-2.4822893213447516e-9	27.37462968844055	LOCALLY_SOLVED
5.0	1.0	0.15	2.0	0.3	0.602357400481088	9.600391742301634	-2.4822893213435187e-9	27.065511787274126	LOCALLY_SOLVED
3.0	1.5	0.15	2.0	0.3	0.6075601514383311	9.413748117762687	-2.482289321346917e-9	27.99796661137674	LOCALLY_SOLVED
3.5	1.5	0.15	2.0	0.3	0.6058412672377002	9.450966436122338	-2.482289321345863e-9	27.68544801996137	LOCALLY_SOLVED
4.0	1.5	0.15	2.0	0.3	0.6041070863273085	9.488181000188279	-2.4822893213447512e-9	27.374629688440553	LOCALLY_SOLVED
4.5	1.5	0.15	2.0	0.3	0.6023574004810879	9.525391742301633	-2.4822893213435187e-9	27.065511787274126	LOCALLY_SOLVED
5.0	1.5	0.15	2.0	0.3	0.6005919976059048	9.562598593254908	-2.4822893213424165e-9	26.75809449000122	LOCALLY_SOLVED
3.0	2.0	0.15	2.0	0.3	0.6058412672377003	9.375966436122336	-2.482289321345863e-9	27.68544801996137	LOCALLY_SOLVED
3.5	2.0	0.15	2.0	0.3	0.6041070863273086	9.41318100018828	-2.4822893213446263e-9	27.37462968844055	LOCALLY_SOLVED
4.0	2.0	0.15	2.0	0.3	0.602357400481088	9.450391742301633	-2.4822893213433822e-9	27.065511787274126	LOCALLY_SOLVED
4.5	2.0	0.15	2.0	0.3	0.6005919976059048	9.487598593254907	-2.4822893213425427e-9	26.758094490001213	LOCALLY_SOLVED
5.0	2.0	0.15	2.0	0.3	0.5988106616494537	9.524801482248717	-2.482289321341171e-9	26.452377973310973	LOCALLY_SOLVED
3.0	1.0	0.05	0.5	0.4	0.9752573416131279	8.633205791844992	-2.4666814420623914e-9	38.141403789828516	LOCALLY_SOLVED
3.5	1.0	0.05	0.5	0.4	0.9752190186911401	8.64570539645112	-2.466687328888859e-9	38.021749455914005	LOCALLY_SOLVED
4.0	1.0	0.05	0.5	0.4	0.9751805768656169	8.658204999215682	-2.466693264351958e-9	37.9022826279442	LOCALLY_SOLVED
4.5	1.0	0.05	0.5	0.4	0.9751420155822845	8.670704600127229	-2.4666992487481506e-9	37.783003305946814	LOCALLY_SOLVED
5.0	1.0	0.05	0.5	0.4	0.9751033342834188	8.683204199174208	-2.4667052823806743e-9	37.663911489949726	LOCALLY_SOLVED
3.0	1.5	0.05	0.5	0.4	0.9752190186911401	8.62070539645112	-2.466687328889706e-9	38.02174945591401	LOCALLY_SOLVED
3.5	1.5	0.05	0.5	0.4	0.9751805768656169	8.633204999215684	-2.466693264351111e-9	37.9022826279442	LOCALLY_SOLVED
4.0	1.5	0.05	0.5	0.4	0.9751420155822845	8.645704600127226	-2.4666992487473036e-9	37.78300330594683	LOCALLY_SOLVED
4.5	1.5	0.05	0.5	0.4	0.9751033342834188	8.65820419917421	-2.4667052823798273e-9	37.66391148994974	LOCALLY_SOLVED
5.0	1.5	0.05	0.5	0.4	0.975064532407818	8.670703796344993	-2.466711365552767e-9	37.54500717998099	LOCALLY_SOLVED
3.0	2.0	0.05	0.5	0.4	0.9751805768656169	8.608204999215683	-2.466693264350264e-9	37.9022826279442	LOCALLY_SOLVED
3.5	2.0	0.05	0.5	0.4	0.9751420155822845	8.620704600127228	-2.4666992487473036e-9	37.783003305946814	LOCALLY_SOLVED
4.0	2.0	0.05	0.5	0.4	0.9751033342834189	8.633204199174209	-2.4667052823798273e-9	37.66391148994974	LOCALLY_SOLVED
4.5	2.0	0.05	0.5	0.4	0.975064532407818	8.645703796344993	-2.466711365553614e-9	37.54500717998099	LOCALLY_SOLVED
5.0	2.0	0.05	0.5	0.4	0.9750256093907756	8.658203391627854	-2.4667174985735957e-9	37.426290376068835	LOCALLY_SOLVED
3.0	1.0	0.1	0.5	0.4	0.9749473976558518	8.683202576482456	-2.4667299153888117e-9	37.18941928652809	LOCALLY_SOLVED
3.5	1.0	0.1	0.5	0.4	0.9748686944898534	8.708201753642367	-2.466742535316599e-9	36.953298221556864	LOCALLY_SOLVED
4.0	1.0	0.1	0.5	0.4	0.97478949524613	8.733200923010429	-2.4667553608828105e-9	36.717927181387495	LOCALLY_SOLVED
4.5	1.0	0.1	0.5	0.4	0.9747097952192606	8.75820008448795	-2.466768394644638e-9	36.48330616625519	LOCALLY_SOLVED
5.0	1.0	0.1	0.5	0.4	0.9746295896441205	8.783199237974662	-2.4667816391973907e-9	36.24943517639816	LOCALLY_SOLVED
3.0	1.5	0.1	0.5	0.4	0.9748686944898532	8.658201753642366	-2.466742535317446e-9	36.95329822155686	LOCALLY_SOLVED
3.5	1.5	0.1	0.5	0.4	0.97478949524613	8.683200923010428	-2.4667553608819634e-9	36.717927181387495	LOCALLY_SOLVED
4.0	1.5	0.1	0.5	0.4	0.9747097952192606	8.708200084487949	-2.466768394643791e-9	36.48330616625518	LOCALLY_SOLVED
4.5	1.5	0.1	0.5	0.4	0.9746295896441205	8.733199237974663	-2.4667816391973907e-9	36.24943517639815	LOCALLY_SOLVED
5.0	1.5	0.1	0.5	0.4	0.9745488736949317	8.758198383368711	-2.466795097171953e-9	36.016314212057665	LOCALLY_SOLVED
3.0	2.0	0.1	0.5	0.4	0.97478949524613	8.63320092301043	-2.4667553608819634e-9	36.7179271813875	LOCALLY_SOLVED
3.5	2.0	0.1	0.5	0.4	0.9747097952192606	8.658200084487948	-2.466768394643791e-9	36.48330616625519	LOCALLY_SOLVED
4.0	2.0	0.1	0.5	0.4	0.9746295896441204	8.683199237974662	-2.4667816391973907e-9	36.24943517639816	LOCALLY_SOLVED
4.5	2.0	0.1	0.5	0.4	0.9745488736949317	8.70819838336871	-2.466795097171953e-9	36.016314212057665	LOCALLY_SOLVED
5.0	2.0	0.1	0.5	0.4	0.9744676424842951	8.733197520566604	-2.4668087712313963e-9	35.78394327347803	LOCALLY_SOLVED
3.0	1.0	0.15	0.5	0.4	0.9746295896441205	8.733199237974663	-2.4667816391973907e-9	36.24943517639815	LOCALLY_SOLVED
3.5	1.0	0.15	0.5	0.4	0.9745083228051908	8.770697952998708	-2.4668019070229284e-9	35.900034989532344	LOCALLY_SOLVED
4.0	1.0	0.15	0.5	0.4	0.9743858910622031	8.808196649463193	-2.46682266407945e-9	35.55232236090672	LOCALLY_SOLVED
4.5	1.0	0.15	0.5	0.4	0.9742622775476419	8.845695327008952	-2.4668439195750503e-9	35.206297291364486	LOCALLY_SOLVED
5.0	1.0	0.15	0.5	0.4	0.9741374650667337	8.883193985268088	-2.466865682902478e-9	34.86195978176524	LOCALLY_SOLVED
3.0	1.5	0.15	0.5	0.4	0.9745083228051908	8.695697952998708	-2.4668019070229284e-9	35.90003498953235	LOCALLY_SOLVED
3.5	1.5	0.15	0.5	0.4	0.9743858910622031	8.733196649463194	-2.46682266407945e-9	35.55232236090672	LOCALLY_SOLVED
4.0	1.5	0.15	0.5	0.4	0.974262277547642	8.770695327008953	-2.4668439195742032e-9	35.206297291364486	LOCALLY_SOLVED
4.5	1.5	0.15	0.5	0.4	0.9741374650667337	8.808193985268089	-2.466865682903325e-9	34.86195978176524	LOCALLY_SOLVED
5.0	1.5	0.15	0.5	0.4	0.9740114360894696	8.845692623863723	-2.4668879636509928e-9	34.51930983298536	LOCALLY_SOLVED
3.0	2.0	0.15	0.5	0.4	0.9743858910622031	8.658196649463193	-2.46682266407945e-9	35.552322360906714	LOCALLY_SOLVED
3.5	2.0	0.15	0.5	0.4	0.9742622775476422	8.695695327008952	-2.4668439195742032e-9	35.20629729136448	LOCALLY_SOLVED
4.0	2.0	0.15	0.5	0.4	0.9741374650667337	8.73319398526809	-2.466865682904172e-9	34.86195978176524	LOCALLY_SOLVED
4.5	2.0	0.15	0.5	0.4	0.9740114360894695	8.770692623863724	-2.4668879636501458e-9	34.51930983298536	LOCALLY_SOLVED
5.0	2.0	0.15	0.5	0.4	0.9738841727423961	8.80819124240972	-2.466910771591967e-9	34.178347445918305	LOCALLY_SOLVED
3.0	1.0	0.05	1.0	0.4	0.8559252340602547	8.879008846212377	-2.4822893209061706e-9	35.325877875734264	LOCALLY_SOLVED
3.5	1.0	0.05	1.0	0.4	0.8557084587612872	8.89149582315145	-2.4822893209067144e-9	35.21003659064053	LOCALLY_SOLVED
4.0	1.0	0.05	1.0	0.4	0.855491029131542	8.903982741112197	-2.482289320907289e-9	35.09438300133461	LOCALLY_SOLVED
4.5	1.0	0.05	1.0	0.4	0.8552729421976923	8.916469599737477	-2.4822893209078195e-9	34.97891710870383	LOCALLY_SOLVED
5.0	1.0	0.05	1.0	0.4	0.8550541949683228	8.928956398667442	-2.4822893209083597e-9	34.863638913640955	LOCALLY_SOLVED
3.0	1.5	0.05	1.0	0.4	0.8557084587612873	8.86649582315145	-2.4822893209067272e-9	35.21003659064053	LOCALLY_SOLVED
3.5	1.5	0.05	1.0	0.4	0.855491029131542	8.878982741112196	-2.4822893209072757e-9	35.09438300133461	LOCALLY_SOLVED
4.0	1.5	0.05	1.0	0.4	0.8552729421976923	8.891469599737476	-2.4822893209078208e-9	34.97891710870384	LOCALLY_SOLVED
4.5	1.5	0.05	1.0	0.4	0.8550541949683228	8.903956398667441	-2.4822893209083593e-9	34.86363891364096	LOCALLY_SOLVED
5.0	1.5	0.05	1.0	0.4	0.8548347844337912	8.916443137539504	-2.482289320908907e-9	34.748548417044105	LOCALLY_SOLVED
3.0	2.0	0.05	1.0	0.4	0.855491029131542	8.853982741112196	-2.4822893209072893e-9	35.09438300133461	LOCALLY_SOLVED
3.5	2.0	0.05	1.0	0.4	0.8552729421976922	8.866469599737476	-2.4822893209078324e-9	34.97891710870383	LOCALLY_SOLVED
4.0	2.0	0.05	1.0	0.4	0.8550541949683228	8.878956398667443	-2.482289320908347e-9	34.86363891364096	LOCALLY_SOLVED
4.5	2.0	0.05	1.0	0.4	0.8548347844337912	8.891443137539504	-2.4822893209088916e-9	34.748548417044105	LOCALLY_SOLVED
5.0	2.0	0.05	1.0	0.4	0.8546147075660874	8.903929815988315	-2.4822893209094433e-9	34.63364561981688	LOCALLY_SOLVED
3.0	1.0	0.1	1.0	0.4	0.8541725426264425	8.928902990140825	-2.4822893209105166e-9	34.40440312711331	LOCALLY_SOLVED
3.5	1.0	0.1	1.0	0.4	0.8537276755525893	8.953875918145991	-2.4822893209115915e-9	34.175911442869875	LOCALLY_SOLVED
4.0	1.0	0.1	1.0	0.4	0.8532800814447106	8.978848596978985	-2.4822893209126565e-9	33.94817057451624	LOCALLY_SOLVED
4.5	1.0	0.1	1.0	0.4	0.8528297350952762	9.003821023568308	-2.4822893209137273e-9	33.721180529573545	LOCALLY_SOLVED
5.0	1.0	0.1	1.0	0.4	0.8523766109842599	9.028793194794897	-2.4822893209147695e-9	33.49494131565574	LOCALLY_SOLVED
3.0	1.5	0.1	1.0	0.4	0.8537276755525893	8.90387591814599	-2.482289320911569e-9	34.17591144286987	LOCALLY_SOLVED
3.5	1.5	0.1	1.0	0.4	0.8532800814447106	8.928848596978984	-2.482289320912644e-9	33.94817057451624	LOCALLY_SOLVED
4.0	1.5	0.1	1.0	0.4	0.8528297350952762	8.953821023568308	-2.4822893209137273e-9	33.72118052957354	LOCALLY_SOLVED
4.5	1.5	0.1	1.0	0.4	0.8523766109842599	8.978793194794896	-2.4822893209147575e-9	33.49494131565574	LOCALLY_SOLVED
5.0	1.5	0.1	1.0	0.4	0.8519206832742643	9.00376510749126	-2.4822893209158486e-9	33.26945294047112	LOCALLY_SOLVED
3.0	2.0	0.1	1.0	0.4	0.8532800814447106	8.878848596978985	-2.482289320912644e-9	33.94817057451624	LOCALLY_SOLVED
3.5	2.0	0.1	1.0	0.4	0.8528297350952762	8.903821023568307	-2.4822893209137153e-9	33.721180529573545	LOCALLY_SOLVED
4.0	2.0	0.1	1.0	0.4	0.8523766109842599	8.928793194794896	-2.4822893209147935e-9	33.49494131565574	LOCALLY_SOLVED
4.5	2.0	0.1	1.0	0.4	0.8519206832742643	8.95376510749126	-2.482289320915849e-9	33.269452940471126	LOCALLY_SOLVED
5.0	2.0	0.1	1.0	0.4	0.8514619258055559	8.978736758440542	-2.482289320916898e-9	33.04471541182372	LOCALLY_SOLVED
3.0	1.0	0.15	1.0	0.4	0.8523766109842599	8.978793194794896	-2.4822893209147575e-9	33.49494131565574	LOCALLY_SOLVED
3.5	1.0	0.15	1.0	0.4	0.8516916599074614	9.01625096588729	-2.4822893209163734e-9	33.15699031983873	LOCALLY_SOLVED
4.0	1.0	0.15	1.0	0.4	0.8510003120910069	9.05370814437563	-2.482289320917949e-9	32.8207287376148	LOCALLY_SOLVED
4.5	1.0	0.15	1.0	0.4	0.8503024772979612	9.091164719103515	-2.4822893209195064e-9	32.48615659590118	LOCALLY_SOLVED
5.0	1.0	0.15	1.0	0.4	0.8495980635811505	9.128620678650304	-2.4822893209210466e-9	32.153273922123056	LOCALLY_SOLVED
3.0	1.5	0.15	1.0	0.4	0.8516916599074614	8.94125096588729	-2.4822893209163742e-9	33.156990319838734	LOCALLY_SOLVED
3.5	1.5	0.15	1.0	0.4	0.8510003120910069	8.978708144375629	-2.482289320917939e-9	32.8207287376148	LOCALLY_SOLVED
4.0	1.5	0.15	1.0	0.4	0.8503024772979613	9.016164719103514	-2.482289320919496e-9	32.48615659590118	LOCALLY_SOLVED
4.5	1.5	0.15	1.0	0.4	0.8495980635811504	9.053620678650304	-2.4822893209210466e-9	32.15327392212306	LOCALLY_SOLVED
5.0	1.5	0.15	1.0	0.4	0.8488869772423091	9.09107601132355	-2.482289320922585e-9	31.82208074422561	LOCALLY_SOLVED
3.0	2.0	0.15	1.0	0.4	0.8510003120910069	8.90370814437563	-2.4822893209179496e-9	32.8207287376148	LOCALLY_SOLVED
3.5	2.0	0.15	1.0	0.4	0.8503024772979612	8.941164719103515	-2.4822893209195068e-9	32.48615659590118	LOCALLY_SOLVED
4.0	2.0	0.15	1.0	0.4	0.8495980635811505	8.978620678650305	-2.4822893209210577e-9	32.153273922123056	LOCALLY_SOLVED
4.5	2.0	0.15	1.0	0.4	0.8488869772423091	9.016076011323548	-2.482289320922595e-9	31.8220807442256	LOCALLY_SOLVED
5.0	2.0	0.15	1.0	0.4	0.8481691227900469	9.053530705151179	-2.4822893209241216e-9	31.492577090686456	LOCALLY_SOLVED
3.0	1.0	0.05	1.5	0.4	0.7432786561803815	9.11960294825572	-2.4385071316748694e-9	32.64125029265344	LOCALLY_SOLVED
3.5	1.0	0.05	1.5	0.4	0.7429024341234677	9.132062675337576	-2.441228737622782e-9	32.52930030025746	LOCALLY_SOLVED
4.0	1.0	0.05	1.5	0.4	0.7425251023858971	9.144522224395544	-2.4439551606284305e-9	32.41753841328912	LOCALLY_SOLVED
4.5	1.0	0.05	1.5	0.4	0.7421466560190809	9.156981594374555	-2.4466864107266148e-9	32.3059646344267	LOCALLY_SOLVED
5.0	1.0	0.05	1.5	0.4	0.7417670900447282	9.169440784211673	-2.4494224979436637e-9	32.19457896636432	LOCALLY_SOLVED
3.0	1.5	0.05	1.5	0.4	0.7429024341234677	9.107062675337577	-2.441228737622782e-9	32.52930030025747	LOCALLY_SOLVED
3.5	1.5	0.05	1.5	0.4	0.742525102385897	9.119522224395544	-2.4439551606275834e-9	32.41753841328912	LOCALLY_SOLVED
4.0	1.5	0.05	1.5	0.4	0.7421466560190809	9.131981594374555	-2.4466864107257677e-9	32.30596463442671	LOCALLY_SOLVED
4.5	1.5	0.05	1.5	0.4	0.7417670900447282	9.144440784211675	-2.4494224979436637e-9	32.19457896636433	LOCALLY_SOLVED
5.0	1.5	0.05	1.5	0.4	0.7413863994546185	9.156899792836033	-2.452163432301671e-9	32.08338141181215	LOCALLY_SOLVED
3.0	2.0	0.05	1.5	0.4	0.742525102385897	9.094522224395543	-2.4439551606284305e-9	32.41753841328912	LOCALLY_SOLVED
3.5	2.0	0.05	1.5	0.4	0.7421466560190809	9.106981594374554	-2.4466864107266148e-9	32.3059646344267	LOCALLY_SOLVED
4.0	2.0	0.05	1.5	0.4	0.7417670900447282	9.119440784211674	-2.4494224979436637e-9	32.19457896636433	LOCALLY_SOLVED
4.5	2.0	0.05	1.5	0.4	0.7413863994546185	9.131899792836032	-2.452163432301671e-9	32.08338141181215	LOCALLY_SOLVED
5.0	2.0	0.05	1.5	0.4	0.7410045792103762	9.144358619168752	-2.4549092238151075e-9	31.97237197349646	LOCALLY_SOLVED
3.0	1.0	0.1	1.5	0.4	0.7402375294535017	9.169275720603245	-2.4618059430142936e-9	31.750917456560927	LOCALLY_SOLVED
3.5	1.0	0.1	1.5	0.4	0.7394658998545712	9.194192079721129	-2.472769282499233e-9	31.53021543769499	LOCALLY_SOLVED
4.0	1.0	0.1	1.5	0.4	0.7386896489982329	9.219107687595695	-2.483771724053161e-9	31.310265939301708	LOCALLY_SOLVED
4.5	1.0	0.1	1.5	0.4	0.7379087349619453	9.24402253516474	-2.489864381708675e-9	31.09106898405395	LOCALLY_SOLVED
5.0	1.0	0.1	1.5	0.4	0.7371231153111998	9.2689366132284	-2.4898487056462034e-9	30.87262459489858	LOCALLY_SOLVED
3.0	1.5	0.1	1.5	0.4	0.7394658998545712	9.144192079721128	-2.472769282499233e-9	31.530215437694984	LOCALLY_SOLVED
3.5	1.5	0.1	1.5	0.4	0.7386896489982329	9.169107687595695	-2.483771724053161e-9	31.310265939301708	LOCALLY_SOLVED
4.0	1.5	0.1	1.5	0.4	0.7379087349619454	9.194022535164741	-2.489864381707828e-9	31.091068984053944	LOCALLY_SOLVED
4.5	1.5	0.1	1.5	0.4	0.7371231153111998	9.218936613228399	-2.4898487056470504e-9	30.87262459489858	LOCALLY_SOLVED
5.0	1.5	0.1	1.5	0.4	0.7363327470924329	9.243849912446706	-2.489832972029537e-9	30.654932795060443	LOCALLY_SOLVED
3.0	2.0	0.1	1.5	0.4	0.7386896489982329	9.119107687595696	-2.483771724053161e-9	31.310265939301708	LOCALLY_SOLVED
3.5	2.0	0.1	1.5	0.4	0.7379087349619454	9.14402253516474	-2.489864381708675e-9	31.09106898405395	LOCALLY_SOLVED
4.0	2.0	0.1	1.5	0.4	0.7371231153111998	9.168936613228398	-2.4898487056470504e-9	30.87262459489858	LOCALLY_SOLVED
4.5	2.0	0.1	1.5	0.4	0.7363327470924329	9.193849912446705	-2.489832972032078e-9	30.654932795060454	LOCALLY_SOLVED
5.0	2.0	0.1	1.5	0.4	0.7355375868217323	9.218762423336651	-2.4898171805884723e-9	30.43799360804682	LOCALLY_SOLVED
3.0	1.0	0.15	1.5	0.4	0.7371231153111998	9.218936613228399	-2.4898487056470504e-9	30.87262459489858	LOCALLY_SOLVED
3.5	1.0	0.15	1.5	0.4	0.7359357687022032	9.256306267031064	-2.489825083554948e-9	30.546369123470225	LOCALLY_SOLVED
4.0	1.0	0.15	1.5	0.4	0.7347375904780433	9.29367413626971	-2.4898013310485707e-9	30.22180705765162	LOCALLY_SOLVED
4.5	1.0	0.15	1.5	0.4	0.7335284306849411	9.331040188072244	-2.4897774472029587e-9	29.898938478484943	LOCALLY_SOLVED
5.0	1.0	0.15	1.5	0.4	0.732308136563763	9.368404388802091	-2.489753431092305e-9	29.57776346850873	LOCALLY_SOLVED
3.0	1.5	0.15	1.5	0.4	0.7359357687022033	9.181306267031065	-2.489825083554948e-9	30.54636912347023	LOCALLY_SOLVED
3.5	1.5	0.15	1.5	0.4	0.7347375904780433	9.21867413626971	-2.4898013310485707e-9	30.22180705765162	LOCALLY_SOLVED
4.0	1.5	0.15	1.5	0.4	0.733528430684941	9.256040188072244	-2.4897774472029587e-9	29.89893847848495	LOCALLY_SOLVED
4.5	1.5	0.15	1.5	0.4	0.732308136563763	9.293404388802092	-2.489753431093152e-9	29.57776346850873	LOCALLY_SOLVED
5.0	1.5	0.15	1.5	0.4	0.7310765524834221	9.330766704036625	-2.4897292817882614e-9	29.25828211179279	LOCALLY_SOLVED
3.0	2.0	0.15	1.5	0.4	0.7347375904780433	9.143674136269711	-2.4898013310477237e-9	30.22180705765162	LOCALLY_SOLVED
3.5	2.0	0.15	1.5	0.4	0.7335284306849412	9.181040188072245	-2.4897774472029587e-9	29.898938478484943	LOCALLY_SOLVED
4.0	2.0	0.15	1.5	0.4	0.732308136563763	9.21840438880209	-2.489753431093152e-9	29.57776346850873	LOCALLY_SOLVED
4.5	2.0	0.15	1.5	0.4	0.7310765524834221	9.255766704036626	-2.4897292817882614e-9	29.258282111792784	LOCALLY_SOLVED
5.0	2.0	0.15	1.5	0.4	0.7298335198723506	9.293127098544883	-2.4897049983557036e-9	28.940494493974015	LOCALLY_SOLVED
3.0	1.0	0.05	2.0	0.4	0.6366040367567307	9.355821536228854	-2.482289321385794e-9	30.08292929793636	LOCALLY_SOLVED
3.5	1.0	0.05	2.0	0.4	0.63608419742689	9.36824276846616	-2.4822893213852984e-9	29.974936315226422	LOCALLY_SOLVED
4.0	1.0	0.05	2.0	0.4	0.635562854552906	9.380663659795495	-2.482289321384873e-9	29.867132016587274	LOCALLY_SOLVED
4.5	1.0	0.05	2.0	0.4	0.635040001520149	9.393084208231164	-2.4822893213844435e-9	29.75951640714739	LOCALLY_SOLVED
5.0	1.0	0.05	2.0	0.4	0.6345156316745382	9.405504411772862	-2.482289321383992e-9	29.652089492065173	LOCALLY_SOLVED
3.0	1.5	0.05	2.0	0.4	0.6360841974268902	9.34324276846616	-2.482289321385424e-9	29.974936315226444	LOCALLY_SOLVED
3.5	1.5	0.05	2.0	0.4	0.6355628545529058	9.355663659795495	-2.4822893213847586e-9	29.867132016587277	LOCALLY_SOLVED
4.0	1.5	0.05	2.0	0.4	0.6350400015201487	9.368084208231164	-2.482289321384443e-9	29.759516407147395	LOCALLY_SOLVED
4.5	1.5	0.05	2.0	0.4	0.6345156316745382	9.380504411772861	-2.4822893213841168e-9	29.652089492065176	LOCALLY_SOLVED
5.0	1.5	0.05	2.0	0.4	0.6339897383222404	9.392924268405539	-2.4822893213836837e-9	29.54485127652912	LOCALLY_SOLVED
3.0	2.0	0.05	2.0	0.4	0.635562854552906	9.330663659795494	-2.4822893213848732e-9	29.867132016587277	LOCALLY_SOLVED
3.5	2.0	0.05	2.0	0.4	0.6350400015201487	9.343084208231163	-2.4822893213844534e-9	29.759516407147387	LOCALLY_SOLVED
4.0	2.0	0.05	2.0	0.4	0.6345156316745381	9.355504411772863	-2.4822893213841283e-9	29.65208949206518	LOCALLY_SOLVED
4.5	2.0	0.05	2.0	0.4	0.6339897383222404	9.367924268405536	-2.4822893213836833e-9	29.54485127652912	LOCALLY_SOLVED
5.0	2.0	0.05	2.0	0.4	0.6334623147293679	9.38034377609926	-2.4822893213832635e-9	29.43780176575806	LOCALLY_SOLVED
3.0	1.0	0.1	2.0	0.4	0.6324028496842405	9.405181736474944	-2.482289321382391e-9	29.224268879539366	LOCALLY_SOLVED
3.5	1.0	0.1	2.0	0.4	0.6313371818552891	9.430018276357835	-2.482289321381722e-9	29.011490875775152	LOCALLY_SOLVED
4.0	1.0	0.1	2.0	0.4	0.6302652558979325	9.45485337895912	-2.482289321380779e-9	28.79946779733137	LOCALLY_SOLVED
4.5	1.0	0.1	2.0	0.4	0.6291870157966851	9.4796870272388	-2.482289321379986e-9	28.58819968758148	LOCALLY_SOLVED
5.0	1.0	0.1	2.0	0.4	0.6281024048547723	9.504519203901083	-2.4822893213790234e-9	28.377686590413884	LOCALLY_SOLVED
3.0	1.5	0.1	2.0	0.4	0.6313371818552891	9.380018276357834	-2.482289321381597e-9	29.011490875775145	LOCALLY_SOLVED
3.5	1.5	0.1	2.0	0.4	0.6302652558979326	9.40485337895912	-2.4822893213807803e-9	28.79946779733137	LOCALLY_SOLVED
4.0	1.5	0.1	2.0	0.4	0.629187015796685	9.4296870272388	-2.482289321379995e-9	28.588199687581472	LOCALLY_SOLVED
4.5	1.5	0.1	2.0	0.4	0.6281024048547723	9.454519203901082	-2.482289321379024e-9	28.377686590413884	LOCALLY_SOLVED
5.0	1.5	0.1	2.0	0.4	0.6270113656835516	9.479349891389742	-2.4822893213782107e-9	28.167928550239804	LOCALLY_SOLVED
3.0	2.0	0.1	2.0	0.4	0.6302652558979326	9.35485337895912	-2.4822893213807803e-9	28.79946779733137	LOCALLY_SOLVED
3.5	2.0	0.1	2.0	0.4	0.6291870157966851	9.379687027238798	-2.482289321379995e-9	28.588199687581483	LOCALLY_SOLVED
4.0	2.0	0.1	2.0	0.4	0.6281024048547721	9.404519203901083	-2.482289321379023e-9	28.377686590413884	LOCALLY_SOLVED
4.5	2.0	0.1	2.0	0.4	0.6270113656835516	9.429349891389741	-2.4822893213784613e-9	28.167928550239807	LOCALLY_SOLVED
5.0	2.0	0.1	2.0	0.4	0.6259138401917284	9.454179071883313	-2.4822893213773674e-9	27.958925612001114	LOCALLY_SOLVED
3.0	1.0	0.15	2.0	0.4	0.6281024048547723	9.454519203901082	-2.482289321379024e-9	28.377686590413884	LOCALLY_SOLVED
3.5	1.0	0.15	2.0	0.4	0.6264634173861676	9.491764671135245	-2.482289321377629e-9	28.063332690548716	LOCALLY_SOLVED
4.0	1.0	0.15	2.0	0.4	0.6248097695743674	9.529006727290241	-2.4822893213764455e-9	27.750677821178336	LOCALLY_SOLVED
4.5	1.0	0.15	2.0	0.4	0.6231412611155548	9.566245310609672	-2.482289321375316e-9	27.439722137185548	LOCALLY_SOLVED
5.0	1.0	0.15	2.0	0.4	0.6214576879783824	9.60348035791861	-2.4822893213740417e-9	27.13046579626404	LOCALLY_SOLVED
3.0	1.5	0.15	2.0	0.4	0.6264634173861677	9.416764671135246	-2.482289321377764e-9	28.063332690548723	LOCALLY_SOLVED
3.5	1.5	0.15	2.0	0.4	0.6248097695743673	9.454006727290242	-2.4822893213764463e-9	27.750677821178336	LOCALLY_SOLVED
4.0	1.5	0.15	2.0	0.4	0.6231412611155547	9.49124531060967	-2.482289321375328e-9	27.43972213718556	LOCALLY_SOLVED
4.5	1.5	0.15	2.0	0.4	0.6214576879783823	9.52848035791861	-2.4822893213741765e-9	27.13046579626404	LOCALLY_SOLVED
5.0	1.5	0.15	2.0	0.4	0.6197588423151695	9.565711804583852	-2.4822893213726367e-9	26.822908958982936	LOCALLY_SOLVED
3.0	2.0	0.15	2.0	0.4	0.6248097695743673	9.379006727290243	-2.482289321376444e-9	27.75067782117834	LOCALLY_SOLVED
3.5	2.0	0.15	2.0	0.4	0.6231412611155548	9.416245310609671	-2.482289321375317e-9	27.439722137185548	LOCALLY_SOLVED
4.0	2.0	0.15	2.0	0.4	0.6214576879783825	9.45348035791861	-2.4822893213739168e-9	27.13046579626404	LOCALLY_SOLVED
4.5	2.0	0.15	2.0	0.4	0.6197588423151693	9.490711804583853	-2.4822893213728745e-9	26.822908958982932	LOCALLY_SOLVED
5.0	2.0	0.15	2.0	0.4	0.6180445123704937	9.527939584472856	-2.482289321371546e-9	26.51705178885353	LOCALLY_SOLVED
